Time,ZONE MEDIUMOFFICE WHOLEBUILDING - MD OFFICE A  - STORY GROUND:CLIMATE ZONE 3 ANN HTG 99.6% CONDNS DB:Des Heat Load [W],ZONE MEDIUMOFFICE WHOLEBUILDING - MD OFFICE A  - STORY GROUND:CLIMATE ZONE 3 ANN CLG .4% CONDNS DB=>MWB:Des Sens Cool Load [W],ZONE MEDIUMOFFICE WHOLEBUILDING - MD OFFICE A  - STORY GROUND:CLIMATE ZONE 3 ANN HTG 99.6% CONDNS DB:Des Heat Mass Flow [kg/s],ZONE MEDIUMOFFICE WHOLEBUILDING - MD OFFICE A  - STORY GROUND:CLIMATE ZONE 3 ANN CLG .4% CONDNS DB=>MWB:Des Cool Mass Flow [kg/s],ZONE MEDIUMOFFICE WHOLEBUILDING - MD OFFICE A END_A - STORY GROUND:CLIMATE ZONE 3 ANN HTG 99.6% CONDNS DB:Des Heat Load [W],ZONE MEDIUMOFFICE WHOLEBUILDING - MD OFFICE A END_A - STORY GROUND:CLIMATE ZONE 3 ANN CLG .4% CONDNS DB=>MWB:Des Sens Cool Load [W],ZONE MEDIUMOFFICE WHOLEBUILDING - MD OFFICE A END_A - STORY GROUND:CLIMATE ZONE 3 ANN HTG 99.6% CONDNS DB:Des Heat Mass Flow [kg/s],ZONE MEDIUMOFFICE WHOLEBUILDING - MD OFFICE A END_A - STORY GROUND:CLIMATE ZONE 3 ANN CLG .4% CONDNS DB=>MWB:Des Cool Mass Flow [kg/s],ZONE MEDIUMOFFICE WHOLEBUILDING - MD OFFICE A END_B - STORY GROUND:CLIMATE ZONE 3 ANN HTG 99.6% CONDNS DB:Des Heat Load [W],ZONE MEDIUMOFFICE WHOLEBUILDING - MD OFFICE A END_B - STORY GROUND:CLIMATE ZONE 3 ANN CLG .4% CONDNS DB=>MWB:Des Sens Cool Load [W],ZONE MEDIUMOFFICE WHOLEBUILDING - MD OFFICE A END_B - STORY GROUND:CLIMATE ZONE 3 ANN HTG 99.6% CONDNS DB:Des Heat Mass Flow [kg/s],ZONE MEDIUMOFFICE WHOLEBUILDING - MD OFFICE A END_B - STORY GROUND:CLIMATE ZONE 3 ANN CLG .4% CONDNS DB=>MWB:Des Cool Mass Flow [kg/s],ZONE MEDIUMOFFICE WHOLEBUILDING - MD OFFICE B  - STORY GROUND:CLIMATE ZONE 3 ANN HTG 99.6% CONDNS DB:Des Heat Load [W],ZONE MEDIUMOFFICE WHOLEBUILDING - MD OFFICE B  - STORY GROUND:CLIMATE ZONE 3 ANN CLG .4% CONDNS DB=>MWB:Des Sens Cool Load [W],ZONE MEDIUMOFFICE WHOLEBUILDING - MD OFFICE B  - STORY GROUND:CLIMATE ZONE 3 ANN HTG 99.6% CONDNS DB:Des Heat Mass Flow [kg/s],ZONE MEDIUMOFFICE WHOLEBUILDING - MD OFFICE B  - STORY GROUND:CLIMATE ZONE 3 ANN CLG .4% CONDNS DB=>MWB:Des Cool Mass Flow [kg/s],ZONE MEDIUMOFFICE WHOLEBUILDING - MD OFFICE B END_A - STORY GROUND:CLIMATE ZONE 3 ANN HTG 99.6% CONDNS DB:Des Heat Load [W],ZONE MEDIUMOFFICE WHOLEBUILDING - MD OFFICE B END_A - STORY GROUND:CLIMATE ZONE 3 ANN CLG .4% CONDNS DB=>MWB:Des Sens Cool Load [W],ZONE MEDIUMOFFICE WHOLEBUILDING - MD OFFICE B END_A - STORY GROUND:CLIMATE ZONE 3 ANN HTG 99.6% CONDNS DB:Des Heat Mass Flow [kg/s],ZONE MEDIUMOFFICE WHOLEBUILDING - MD OFFICE B END_A - STORY GROUND:CLIMATE ZONE 3 ANN CLG .4% CONDNS DB=>MWB:Des Cool Mass Flow [kg/s],ZONE MEDIUMOFFICE WHOLEBUILDING - MD OFFICE B END_B - STORY GROUND:CLIMATE ZONE 3 ANN HTG 99.6% CONDNS DB:Des Heat Load [W],ZONE MEDIUMOFFICE WHOLEBUILDING - MD OFFICE B END_B - STORY GROUND:CLIMATE ZONE 3 ANN CLG .4% CONDNS DB=>MWB:Des Sens Cool Load [W],ZONE MEDIUMOFFICE WHOLEBUILDING - MD OFFICE B END_B - STORY GROUND:CLIMATE ZONE 3 ANN HTG 99.6% CONDNS DB:Des Heat Mass Flow [kg/s],ZONE MEDIUMOFFICE WHOLEBUILDING - MD OFFICE B END_B - STORY GROUND:CLIMATE ZONE 3 ANN CLG .4% CONDNS DB=>MWB:Des Cool Mass Flow [kg/s],ZONE MEDIUMOFFICE WHOLEBUILDING - MD OFFICE C  - STORY GROUND:CLIMATE ZONE 3 ANN HTG 99.6% CONDNS DB:Des Heat Load [W],ZONE MEDIUMOFFICE WHOLEBUILDING - MD OFFICE C  - STORY GROUND:CLIMATE ZONE 3 ANN CLG .4% CONDNS DB=>MWB:Des Sens Cool Load [W],ZONE MEDIUMOFFICE WHOLEBUILDING - MD OFFICE C  - STORY GROUND:CLIMATE ZONE 3 ANN HTG 99.6% CONDNS DB:Des Heat Mass Flow [kg/s],ZONE MEDIUMOFFICE WHOLEBUILDING - MD OFFICE C  - STORY GROUND:CLIMATE ZONE 3 ANN CLG .4% CONDNS DB=>MWB:Des Cool Mass Flow [kg/s],ZONE MEDIUMOFFICE WHOLEBUILDING - MD OFFICE C END_A - STORY GROUND:CLIMATE ZONE 3 ANN HTG 99.6% CONDNS DB:Des Heat Load [W],ZONE MEDIUMOFFICE WHOLEBUILDING - MD OFFICE C END_A - STORY GROUND:CLIMATE ZONE 3 ANN CLG .4% CONDNS DB=>MWB:Des Sens Cool Load [W],ZONE MEDIUMOFFICE WHOLEBUILDING - MD OFFICE C END_A - STORY GROUND:CLIMATE ZONE 3 ANN HTG 99.6% CONDNS DB:Des Heat Mass Flow [kg/s],ZONE MEDIUMOFFICE WHOLEBUILDING - MD OFFICE C END_A - STORY GROUND:CLIMATE ZONE 3 ANN CLG .4% CONDNS DB=>MWB:Des Cool Mass Flow [kg/s],ZONE MEDIUMOFFICE WHOLEBUILDING - MD OFFICE C END_B - STORY GROUND:CLIMATE ZONE 3 ANN HTG 99.6% CONDNS DB:Des Heat Load [W],ZONE MEDIUMOFFICE WHOLEBUILDING - MD OFFICE C END_B - STORY GROUND:CLIMATE ZONE 3 ANN CLG .4% CONDNS DB=>MWB:Des Sens Cool Load [W],ZONE MEDIUMOFFICE WHOLEBUILDING - MD OFFICE C END_B - STORY GROUND:CLIMATE ZONE 3 ANN HTG 99.6% CONDNS DB:Des Heat Mass Flow [kg/s],ZONE MEDIUMOFFICE WHOLEBUILDING - MD OFFICE C END_B - STORY GROUND:CLIMATE ZONE 3 ANN CLG .4% CONDNS DB=>MWB:Des Cool Mass Flow [kg/s]
00:10:00,4.830798E+03,0.000000E+00,1.378150E-01,0.000000E+00,3.426873E+02,0.000000E+00,9.768948E-03,0.000000E+00,3.419779E+02,0.000000E+00,9.748726E-03,0.000000E+00,0.000000E+00,0.000000E+00,0.000000E+00,0.000000E+00,3.133212E+03,0.000000E+00,8.938488E-02,0.000000E+00,3.104185E+03,0.000000E+00,8.855598E-02,0.000000E+00,4.786372E+03,0.000000E+00,1.365467E-01,0.000000E+00,3.419780E+02,0.000000E+00,9.748731E-03,0.000000E+00,3.412666E+02,0.000000E+00,9.728451E-03,0.000000E+00
00:20:00,6.093095E+03,0.000000E+00,1.737999E-01,0.000000E+00,3.654857E+02,0.000000E+00,1.041882E-02,0.000000E+00,3.648221E+02,0.000000E+00,1.039990E-02,0.000000E+00,0.000000E+00,0.000000E+00,0.000000E+00,0.000000E+00,3.956699E+03,0.000000E+00,1.128604E-01,0.000000E+00,3.923901E+03,0.000000E+00,1.119240E-01,0.000000E+00,6.042910E+03,0.000000E+00,1.723673E-01,0.000000E+00,3.648222E+02,0.000000E+00,1.039990E-02,0.000000E+00,3.641567E+02,0.000000E+00,1.038093E-02,0.000000E+00
00:30:00,6.892182E+03,0.000000E+00,1.964796E-01,0.000000E+00,3.834944E+02,0.000000E+00,1.093215E-02,0.000000E+00,3.828416E+02,0.000000E+00,1.091354E-02,0.000000E+00,0.000000E+00,0.000000E+00,0.000000E+00,0.000000E+00,4.493149E+03,0.000000E+00,1.280889E-01,0.000000E+00,4.473902E+03,0.000000E+00,1.275403E-01,0.000000E+00,6.862790E+03,0.000000E+00,1.956417E-01,0.000000E+00,3.828417E+02,0.000000E+00,1.091354E-02,0.000000E+00,3.821870E+02,0.000000E+00,1.089488E-02,0.000000E+00
00:40:00,7.153016E+03,0.000000E+00,2.039140E-01,0.000000E+00,3.998786E+02,0.000000E+00,1.139918E-02,0.000000E+00,3.992097E+02,0.000000E+00,1.138011E-02,0.000000E+00,0.000000E+00,0.000000E+00,0.000000E+00,0.000000E+00,4.661482E+03,0.000000E+00,1.328868E-01,0.000000E+00,4.635921E+03,0.000000E+00,1.321581E-01,0.000000E+00,7.113950E+03,0.000000E+00,2.028003E-01,0.000000E+00,3.992094E+02,0.000000E+00,1.138010E-02,0.000000E+00,3.985401E+02,0.000000E+00,1.136102E-02,0.000000E+00
00:50:00,7.658839E+03,0.000000E+00,2.183334E-01,0.000000E+00,4.141119E+02,0.000000E+00,1.180489E-02,0.000000E+00,4.134568E+02,0.000000E+00,1.178622E-02,0.000000E+00,0.000000E+00,0.000000E+00,0.000000E+00,0.000000E+00,4.997700E+03,0.000000E+00,1.424713E-01,0.000000E+00,4.975544E+03,0.000000E+00,1.418397E-01,0.000000E+00,7.624998E+03,0.000000E+00,2.173687E-01,0.000000E+00,4.134565E+02,0.000000E+00,1.178621E-02,0.000000E+00,4.128009E+02,0.000000E+00,1.176752E-02,0.000000E+00
01:00:00,7.988273E+03,0.000000E+00,2.277244E-01,0.000000E+00,4.263260E+02,0.000000E+00,1.215305E-02,0.000000E+00,4.256833E+02,0.000000E+00,1.213473E-02,0.000000E+00,0.000000E+00,0.000000E+00,0.000000E+00,0.000000E+00,5.216594E+03,0.000000E+00,1.487112E-01,0.000000E+00,5.195344E+03,0.000000E+00,1.481054E-01,0.000000E+00,7.955828E+03,0.000000E+00,2.267995E-01,0.000000E+00,4.256831E+02,0.000000E+00,1.213472E-02,0.000000E+00,4.250398E+02,0.000000E+00,1.211638E-02,0.000000E+00
01:10:00,8.263810E+03,0.000000E+00,2.355789E-01,0.000000E+00,4.368620E+02,0.000000E+00,1.245337E-02,0.000000E+00,4.362380E+02,0.000000E+00,1.243558E-02,0.000000E+00,0.000000E+00,0.000000E+00,0.000000E+00,0.000000E+00,5.399614E+03,0.000000E+00,1.539284E-01,0.000000E+00,5.379103E+03,0.000000E+00,1.533437E-01,0.000000E+00,8.232489E+03,0.000000E+00,2.346861E-01,0.000000E+00,4.362378E+02,0.000000E+00,1.243557E-02,0.000000E+00,4.356132E+02,0.000000E+00,1.241777E-02,0.000000E+00
01:20:00,8.498900E+03,0.000000E+00,2.422805E-01,0.000000E+00,4.458411E+02,0.000000E+00,1.270931E-02,0.000000E+00,4.452333E+02,0.000000E+00,1.269199E-02,0.000000E+00,0.000000E+00,0.000000E+00,0.000000E+00,0.000000E+00,5.555753E+03,0.000000E+00,1.583794E-01,0.000000E+00,5.535802E+03,0.000000E+00,1.578106E-01,0.000000E+00,8.468427E+03,0.000000E+00,2.414117E-01,0.000000E+00,4.452331E+02,0.000000E+00,1.269198E-02,0.000000E+00,4.446248E+02,0.000000E+00,1.267464E-02,0.000000E+00
01:30:00,8.702660E+03,0.000000E+00,2.480888E-01,0.000000E+00,4.535140E+02,0.000000E+00,1.292802E-02,0.000000E+00,4.529182E+02,0.000000E+00,1.291104E-02,0.000000E+00,0.000000E+00,0.000000E+00,0.000000E+00,0.000000E+00,5.691014E+03,0.000000E+00,1.622351E-01,0.000000E+00,5.671478E+03,0.000000E+00,1.616782E-01,0.000000E+00,8.672813E+03,0.000000E+00,2.472380E-01,0.000000E+00,4.529181E+02,0.000000E+00,1.291104E-02,0.000000E+00,4.523220E+02,0.000000E+00,1.289404E-02,0.000000E+00
01:40:00,8.883021E+03,0.000000E+00,2.532302E-01,0.000000E+00,4.600965E+02,0.000000E+00,1.311566E-02,0.000000E+00,4.595131E+02,0.000000E+00,1.309903E-02,0.000000E+00,0.000000E+00,0.000000E+00,0.000000E+00,0.000000E+00,5.810638E+03,0.000000E+00,1.656451E-01,0.000000E+00,5.791379E+03,0.000000E+00,1.650961E-01,0.000000E+00,8.853592E+03,0.000000E+00,2.523913E-01,0.000000E+00,4.595130E+02,0.000000E+00,1.309902E-02,0.000000E+00,4.589292E+02,0.000000E+00,1.308238E-02,0.000000E+00
01:50:00,9.045098E+03,0.000000E+00,2.578504E-01,0.000000E+00,4.657460E+02,0.000000E+00,1.327669E-02,0.000000E+00,4.651728E+02,0.000000E+00,1.326035E-02,0.000000E+00,0.000000E+00,0.000000E+00,0.000000E+00,0.000000E+00,5.918001E+03,0.000000E+00,1.687056E-01,0.000000E+00,5.898912E+03,0.000000E+00,1.681614E-01,0.000000E+00,9.015922E+03,0.000000E+00,2.570186E-01,0.000000E+00,4.651727E+02,0.000000E+00,1.326035E-02,0.000000E+00,4.645991E+02,0.000000E+00,1.324400E-02,0.000000E+00
02:00:00,9.194581E+03,0.000000E+00,2.621115E-01,0.000000E+00,4.705767E+02,0.000000E+00,1.341439E-02,0.000000E+00,4.700123E+02,0.000000E+00,1.339830E-02,0.000000E+00,0.000000E+00,0.000000E+00,0.000000E+00,0.000000E+00,6.016808E+03,0.000000E+00,1.715222E-01,0.000000E+00,5.997747E+03,0.000000E+00,1.709788E-01,0.000000E+00,9.165429E+03,0.000000E+00,2.612805E-01,0.000000E+00,4.700121E+02,0.000000E+00,1.339830E-02,0.000000E+00,4.694473E+02,0.000000E+00,1.338220E-02,0.000000E+00
02:10:00,9.331782E+03,0.000000E+00,2.660226E-01,0.000000E+00,4.747125E+02,0.000000E+00,1.353228E-02,0.000000E+00,4.741557E+02,0.000000E+00,1.351641E-02,0.000000E+00,0.000000E+00,0.000000E+00,0.000000E+00,0.000000E+00,6.107553E+03,0.000000E+00,1.741090E-01,0.000000E+00,6.088637E+03,0.000000E+00,1.735697E-01,0.000000E+00,9.302850E+03,0.000000E+00,2.651978E-01,0.000000E+00,4.741556E+02,0.000000E+00,1.351641E-02,0.000000E+00,4.735983E+02,0.000000E+00,1.350052E-02,0.000000E+00
02:20:00,9.455475E+03,0.000000E+00,2.695486E-01,0.000000E+00,4.782613E+02,0.000000E+00,1.363344E-02,0.000000E+00,4.777110E+02,0.000000E+00,1.361776E-02,0.000000E+00,0.000000E+00,0.000000E+00,0.000000E+00,0.000000E+00,6.189314E+03,0.000000E+00,1.764397E-01,0.000000E+00,6.170528E+03,0.000000E+00,1.759041E-01,0.000000E+00,9.426740E+03,0.000000E+00,2.687294E-01,0.000000E+00,4.777109E+02,0.000000E+00,1.361775E-02,0.000000E+00,4.771602E+02,0.000000E+00,1.360205E-02,0.000000E+00
02:30:00,9.566737E+03,0.000000E+00,2.727202E-01,0.000000E+00,4.813141E+02,0.000000E+00,1.372046E-02,0.000000E+00,4.807696E+02,0.000000E+00,1.370494E-02,0.000000E+00,0.000000E+00,0.000000E+00,0.000000E+00,0.000000E+00,6.262819E+03,0.000000E+00,1.785350E-01,0.000000E+00,6.244153E+03,0.000000E+00,1.780029E-01,0.000000E+00,9.538184E+03,0.000000E+00,2.719062E-01,0.000000E+00,4.807695E+02,0.000000E+00,1.370494E-02,0.000000E+00,4.802245E+02,0.000000E+00,1.368940E-02,0.000000E+00
02:40:00,9.666669E+03,0.000000E+00,2.755688E-01,0.000000E+00,4.839480E+02,0.000000E+00,1.379554E-02,0.000000E+00,4.834084E+02,0.000000E+00,1.378016E-02,0.000000E+00,0.000000E+00,0.000000E+00,0.000000E+00,0.000000E+00,6.328804E+03,0.000000E+00,1.804159E-01,0.000000E+00,6.310248E+03,0.000000E+00,1.798870E-01,0.000000E+00,9.638283E+03,0.000000E+00,2.747596E-01,0.000000E+00,4.834082E+02,0.000000E+00,1.378016E-02,0.000000E+00,4.828682E+02,0.000000E+00,1.376476E-02,0.000000E+00
02:50:00,9.756365E+03,0.000000E+00,2.781257E-01,0.000000E+00,4.862274E+02,0.000000E+00,1.386052E-02,0.000000E+00,4.856920E+02,0.000000E+00,1.384526E-02,0.000000E+00,0.000000E+00,0.000000E+00,0.000000E+00,0.000000E+00,6.387999E+03,0.000000E+00,1.821033E-01,0.000000E+00,6.369543E+03,0.000000E+00,1.815772E-01,0.000000E+00,9.728130E+03,0.000000E+00,2.773208E-01,0.000000E+00,4.856919E+02,0.000000E+00,1.384525E-02,0.000000E+00,4.851561E+02,0.000000E+00,1.382998E-02,0.000000E+00
03:00:00,9.837001E+03,0.000000E+00,2.804242E-01,0.000000E+00,4.882089E+02,0.000000E+00,1.391700E-02,0.000000E+00,4.876772E+02,0.000000E+00,1.390185E-02,0.000000E+00,0.000000E+00,0.000000E+00,0.000000E+00,0.000000E+00,6.441189E+03,0.000000E+00,1.836195E-01,0.000000E+00,6.422824E+03,0.000000E+00,1.830960E-01,0.000000E+00,9.808902E+03,0.000000E+00,2.796233E-01,0.000000E+00,4.876771E+02,0.000000E+00,1.390184E-02,0.000000E+00,4.871450E+02,0.000000E+00,1.388668E-02,0.000000E+00
03:10:00,9.909525E+03,0.000000E+00,2.824916E-01,0.000000E+00,4.899378E+02,0.000000E+00,1.396629E-02,0.000000E+00,4.894094E+02,0.000000E+00,1.395122E-02,0.000000E+00,0.000000E+00,0.000000E+00,0.000000E+00,0.000000E+00,6.489007E+03,0.000000E+00,1.849826E-01,0.000000E+00,6.470723E+03,0.000000E+00,1.844614E-01,0.000000E+00,9.881552E+03,0.000000E+00,2.816942E-01,0.000000E+00,4.894093E+02,0.000000E+00,1.395122E-02,0.000000E+00,4.888804E+02,0.000000E+00,1.393615E-02,0.000000E+00
03:20:00,9.974599E+03,0.000000E+00,2.843466E-01,0.000000E+00,4.914487E+02,0.000000E+00,1.400936E-02,0.000000E+00,4.909231E+02,0.000000E+00,1.399437E-02,0.000000E+00,0.000000E+00,0.000000E+00,0.000000E+00,0.000000E+00,6.531892E+03,0.000000E+00,1.862051E-01,0.000000E+00,6.513683E+03,0.000000E+00,1.856860E-01,0.000000E+00,9.946738E+03,0.000000E+00,2.835523E-01,0.000000E+00,4.909230E+02,0.000000E+00,1.399437E-02,0.000000E+00,4.903969E+02,0.000000E+00,1.397937E-02,0.000000E+00
03:30:00,1.003301E+04,0.000000E+00,2.860117E-01,0.000000E+00,4.927731E+02,0.000000E+00,1.404711E-02,0.000000E+00,4.922499E+02,0.000000E+00,1.403220E-02,0.000000E+00,0.000000E+00,0.000000E+00,0.000000E+00,0.000000E+00,6.570373E+03,0.000000E+00,1.873020E-01,0.000000E+00,6.552231E+03,0.000000E+00,1.867848E-01,0.000000E+00,1.000525E+04,0.000000E+00,2.852203E-01,0.000000E+00,4.922498E+02,0.000000E+00,1.403219E-02,0.000000E+00,4.917262E+02,0.000000E+00,1.401727E-02,0.000000E+00
03:40:00,1.008553E+04,0.000000E+00,2.875087E-01,0.000000E+00,4.939384E+02,0.000000E+00,1.408033E-02,0.000000E+00,4.934174E+02,0.000000E+00,1.406548E-02,0.000000E+00,0.000000E+00,0.000000E+00,0.000000E+00,0.000000E+00,6.604956E+03,0.000000E+00,1.882878E-01,0.000000E+00,6.586874E+03,0.000000E+00,1.877724E-01,0.000000E+00,1.005786E+04,0.000000E+00,2.867200E-01,0.000000E+00,4.934173E+02,0.000000E+00,1.406548E-02,0.000000E+00,4.928958E+02,0.000000E+00,1.405061E-02,0.000000E+00
03:50:00,1.013281E+04,0.000000E+00,2.888565E-01,0.000000E+00,4.949675E+02,0.000000E+00,1.410967E-02,0.000000E+00,4.944484E+02,0.000000E+00,1.409487E-02,0.000000E+00,0.000000E+00,0.000000E+00,0.000000E+00,0.000000E+00,6.636080E+03,0.000000E+00,1.891750E-01,0.000000E+00,6.618055E+03,0.000000E+00,1.886612E-01,0.000000E+00,1.010523E+04,0.000000E+00,2.880702E-01,0.000000E+00,4.944483E+02,0.000000E+00,1.409487E-02,0.000000E+00,4.939287E+02,0.000000E+00,1.408006E-02,0.000000E+00
04:00:00,1.017545E+04,0.000000E+00,2.900718E-01,0.000000E+00,4.958796E+02,0.000000E+00,1.413567E-02,0.000000E+00,4.953622E+02,0.000000E+00,1.412092E-02,0.000000E+00,0.000000E+00,0.000000E+00,0.000000E+00,0.000000E+00,6.664135E+03,0.000000E+00,1.899747E-01,0.000000E+00,6.646160E+03,0.000000E+00,1.894623E-01,0.000000E+00,1.014794E+04,0.000000E+00,2.892877E-01,0.000000E+00,4.953621E+02,0.000000E+00,1.412092E-02,0.000000E+00,4.948442E+02,0.000000E+00,1.410615E-02,0.000000E+00
04:10:00,1.021395E+04,0.000000E+00,2.911693E-01,0.000000E+00,4.966910E+02,0.000000E+00,1.415880E-02,0.000000E+00,4.961751E+02,0.000000E+00,1.414409E-02,0.000000E+00,0.000000E+00,0.000000E+00,0.000000E+00,0.000000E+00,6.689462E+03,0.000000E+00,1.906967E-01,0.000000E+00,6.671534E+03,0.000000E+00,1.901856E-01,0.000000E+00,1.018651E+04,0.000000E+00,2.903873E-01,0.000000E+00,4.961749E+02,0.000000E+00,1.414409E-02,0.000000E+00,4.956586E+02,0.000000E+00,1.412937E-02,0.000000E+00
04:20:00,1.024895E+04,0.000000E+00,2.921669E-01,0.000000E+00,4.974179E+02,0.000000E+00,1.417952E-02,0.000000E+00,4.969034E+02,0.000000E+00,1.416485E-02,0.000000E+00,0.000000E+00,0.000000E+00,0.000000E+00,0.000000E+00,6.712476E+03,0.000000E+00,1.913527E-01,0.000000E+00,6.694592E+03,0.000000E+00,1.908429E-01,0.000000E+00,1.022158E+04,0.000000E+00,2.913868E-01,0.000000E+00,4.969032E+02,0.000000E+00,1.416485E-02,0.000000E+00,4.963882E+02,0.000000E+00,1.415017E-02,0.000000E+00
04:30:00,1.028083E+04,0.000000E+00,2.930757E-01,0.000000E+00,4.980719E+02,0.000000E+00,1.419817E-02,0.000000E+00,4.975586E+02,0.000000E+00,1.418353E-02,0.000000E+00,0.000000E+00,0.000000E+00,0.000000E+00,0.000000E+00,6.733434E+03,0.000000E+00,1.919501E-01,0.000000E+00,6.715590E+03,0.000000E+00,1.914414E-01,0.000000E+00,1.025352E+04,0.000000E+00,2.922973E-01,0.000000E+00,4.975585E+02,0.000000E+00,1.418353E-02,0.000000E+00,4.970447E+02,0.000000E+00,1.416888E-02,0.000000E+00
04:40:00,1.030988E+04,0.000000E+00,2.939039E-01,0.000000E+00,4.986620E+02,0.000000E+00,1.421499E-02,0.000000E+00,4.981498E+02,0.000000E+00,1.420039E-02,0.000000E+00,0.000000E+00,0.000000E+00,0.000000E+00,0.000000E+00,6.752530E+03,0.000000E+00,1.924945E-01,0.000000E+00,6.734723E+03,0.000000E+00,1.919868E-01,0.000000E+00,1.028263E+04,0.000000E+00,2.931272E-01,0.000000E+00,4.981496E+02,0.000000E+00,1.420038E-02,0.000000E+00,4.976370E+02,0.000000E+00,1.418577E-02,0.000000E+00
04:50:00,1.033640E+04,0.000000E+00,2.946597E-01,0.000000E+00,4.991959E+02,0.000000E+00,1.423021E-02,0.000000E+00,4.986847E+02,0.000000E+00,1.421564E-02,0.000000E+00,0.000000E+00,0.000000E+00,0.000000E+00,0.000000E+00,6.769951E+03,0.000000E+00,1.929911E-01,0.000000E+00,6.752179E+03,0.000000E+00,1.924844E-01,0.000000E+00,1.030920E+04,0.000000E+00,2.938845E-01,0.000000E+00,4.986846E+02,0.000000E+00,1.421563E-02,0.000000E+00,4.981729E+02,0.000000E+00,1.420105E-02,0.000000E+00
05:00:00,1.036043E+04,0.000000E+00,2.953447E-01,0.000000E+00,4.996774E+02,0.000000E+00,1.424393E-02,0.000000E+00,4.991671E+02,0.000000E+00,1.422939E-02,0.000000E+00,0.000000E+00,0.000000E+00,0.000000E+00,0.000000E+00,6.785735E+03,0.000000E+00,1.934410E-01,0.000000E+00,6.767996E+03,0.000000E+00,1.929353E-01,0.000000E+00,1.033328E+04,0.000000E+00,2.945709E-01,0.000000E+00,4.991670E+02,0.000000E+00,1.422939E-02,0.000000E+00,4.986563E+02,0.000000E+00,1.421483E-02,0.000000E+00
05:10:00,1.549856E+04,0.000000E+00,4.441231E-01,0.000000E+00,6.271311E+02,0.000000E+00,1.803527E-02,0.000000E+00,6.266128E+02,0.000000E+00,1.802035E-02,0.000000E+00,1.308638E+05,0.000000E+00,3.776490E+00,0.000000E+00,1.014595E+04,0.000000E+00,2.907453E-01,0.000000E+00,1.012938E+04,0.000000E+00,2.902711E-01,0.000000E+00,1.547324E+04,0.000000E+00,4.433980E-01,0.000000E+00,6.266127E+02,0.000000E+00,1.802034E-02,0.000000E+00,6.260939E+02,0.000000E+00,1.800541E-02,0.000000E+00
05:20:00,1.778644E+04,0.000000E+00,5.168604E-01,0.000000E+00,7.082547E+02,0.000000E+00,2.064456E-02,0.000000E+00,7.077098E+02,0.000000E+00,2.062868E-02,0.000000E+00,1.380306E+05,0.000000E+00,3.994076E+00,0.000000E+00,1.164988E+04,0.000000E+00,3.385500E-01,0.000000E+00,1.163231E+04,0.000000E+00,3.380398E-01,0.000000E+00,1.775957E+04,0.000000E+00,5.160803E-01,0.000000E+00,7.077096E+02,0.000000E+00,2.062868E-02,0.000000E+00,7.071642E+02,0.000000E+00,2.061279E-02,0.000000E+00
05:30:00,2.113308E+04,0.000000E+00,6.211881E-01,0.000000E+00,7.942811E+02,0.000000E+00,2.339477E-02,0.000000E+00,7.937170E+02,0.000000E+00,2.337816E-02,0.000000E+00,2.118183E+05,0.000000E+00,6.227468E+00,0.000000E+00,1.384006E+04,0.000000E+00,4.068279E-01,0.000000E+00,1.382218E+04,0.000000E+00,4.063034E-01,0.000000E+00,2.110574E+04,0.000000E+00,6.203859E-01,0.000000E+00,7.937168E+02,0.000000E+00,2.337816E-02,0.000000E+00,7.931521E+02,0.000000E+00,2.336154E-02,0.000000E+00
05:40:00,2.259768E+04,0.000000E+00,6.685550E-01,0.000000E+00,8.479334E+02,0.000000E+00,2.516508E-02,0.000000E+00,8.473402E+02,0.000000E+00,2.514745E-02,0.000000E+00,2.235575E+05,0.000000E+00,6.582785E+00,0.000000E+00,1.480351E+04,0.000000E+00,4.379783E-01,0.000000E+00,1.478467E+04,0.000000E+00,4.374196E-01,0.000000E+00,2.256887E+04,0.000000E+00,6.677006E-01,0.000000E+00,8.473400E+02,0.000000E+00,2.514744E-02,0.000000E+00,8.467463E+02,0.000000E+00,2.512979E-02,0.000000E+00
05:50:00,2.404720E+04,0.000000E+00,7.154745E-01,0.000000E+00,8.969659E+02,0.000000E+00,2.679575E-02,0.000000E+00,8.963421E+02,0.000000E+00,2.677705E-02,0.000000E+00,2.373602E+05,0.000000E+00,7.000559E+00,0.000000E+00,1.575570E+04,0.000000E+00,4.687938E-01,0.000000E+00,1.573595E+04,0.000000E+00,4.682020E-01,0.000000E+00,2.401699E+04,0.000000E+00,7.145692E-01,0.000000E+00,8.963419E+02,0.000000E+00,2.677704E-02,0.000000E+00,8.957176E+02,0.000000E+00,2.675832E-02,0.000000E+00
06:00:00,2.539834E+04,0.000000E+00,7.594215E-01,0.000000E+00,9.418276E+02,0.000000E+00,2.830033E-02,0.000000E+00,9.411712E+02,0.000000E+00,2.828048E-02,0.000000E+00,2.521221E+05,0.000000E+00,7.447366E+00,0.000000E+00,1.664290E+04,0.000000E+00,4.976455E-01,0.000000E+00,1.662217E+04,0.000000E+00,4.970191E-01,0.000000E+00,2.536663E+04,0.000000E+00,7.584632E-01,0.000000E+00,9.411710E+02,0.000000E+00,2.828048E-02,0.000000E+00,9.405141E+02,0.000000E+00,2.826062E-02,0.000000E+00
06:10:00,2.694673E+04,0.000000E+00,8.213954E-01,0.000000E+00,9.919327E+02,0.000000E+00,3.028843E-02,0.000000E+00,9.912421E+02,2.347114E+01,3.026729E-02,1.902932E-03,2.876489E+05,4.272305E+04,8.707116E+00,3.312762E+00,1.766037E+04,0.000000E+00,5.383333E-01,0.000000E+00,1.763665E+04,1.711947E+03,5.376084E-01,1.354263E-01,2.691043E+04,0.000000E+00,8.202859E-01,0.000000E+00,9.912419E+02,0.000000E+00,3.026728E-02,0.000000E+00,9.905507E+02,1.702126E+01,3.024612E-02,1.397172E-03
06:20:00,2.859403E+04,0.000000E+00,8.825193E-01,0.000000E+00,1.039141E+03,0.000000E+00,3.213516E-02,0.000000E+00,1.038416E+03,6.873909E+01,3.211268E-02,5.543066E-03,3.153415E+05,6.441151E+04,9.614800E+00,5.052494E+00,1.874046E+04,2.434296E+02,5.784148E-01,1.958385E-02,1.871553E+04,3.653842E+03,5.776434E-01,2.910662E-01,2.855586E+04,0.000000E+00,8.813385E-01,0.000000E+00,1.038415E+03,0.000000E+00,3.211268E-02,0.000000E+00,1.037690E+03,6.412940E+01,3.209018E-02,5.200578E-03
06:30:00,2.970875E+04,5.161162E+02,9.285766E-01,4.140089E-02,1.077352E+03,0.000000E+00,3.370481E-02,0.000000E+00,1.076585E+03,1.289394E+02,3.368080E-02,1.036921E-02,3.552487E+05,9.501800E+04,1.104908E+01,7.506167E+00,1.947287E+04,6.663921E+02,6.086515E-01,5.349057E-02,1.944698E+04,6.133142E+03,6.078430E-01,4.898301E-01,2.966914E+04,6.081979E+02,9.273392E-01,4.882416E-02,1.076585E+03,0.000000E+00,3.368079E-02,0.000000E+00,1.075818E+03,1.243492E+02,3.365676E-02,1.002830E-02
06:40:00,3.104985E+04,9.100331E+02,9.781948E-01,7.297978E-02,1.116522E+03,0.000000E+00,3.524107E-02,0.000000E+00,1.115718E+03,2.040731E+02,3.521562E-02,1.639286E-02,3.695333E+05,1.169105E+05,1.153326E+01,9.261318E+00,2.035182E+04,9.509058E+02,6.411768E-01,7.629895E-02,2.032477E+04,8.954293E+03,6.403231E-01,7.160168E-01,3.100846E+04,1.017224E+03,9.768881E-01,8.161486E-02,1.115718E+03,0.000000E+00,3.521561E-02,0.000000E+00,1.114914E+03,1.973398E+02,3.519014E-02,1.588016E-02
06:50:00,3.227552E+04,1.373760E+03,1.024067E+00,1.101546E-01,1.152992E+03,0.000000E+00,3.668113E-02,0.000000E+00,1.152149E+03,2.945625E+02,3.665420E-02,2.364780E-02,3.899746E+05,1.400944E+05,1.222016E+01,1.111996E+01,2.115503E+04,1.339167E+03,6.712411E-01,1.074241E-01,2.112684E+04,1.215076E+04,6.703428E-01,9.722984E-01,3.223238E+04,1.454855E+03,1.022692E+00,1.166978E-01,1.152149E+03,0.000000E+00,3.665419E-02,0.000000E+00,1.151306E+03,2.858301E+02,3.662724E-02,2.297480E-02
07:00:00,3.345487E+04,1.944316E+03,1.068255E+00,1.558938E-01,1.187871E+03,8.551562E+00,3.806173E-02,6.854605E-04,1.186989E+03,3.987435E+02,3.803328E-02,3.200058E-02,4.089290E+05,1.639733E+05,1.286100E+01,1.303433E+01,2.192759E+04,1.772080E+03,7.001916E-01,1.421292E-01,2.189825E+04,1.568089E+04,6.992483E-01,1.255335E+00,3.340996E+04,1.975677E+03,1.066811E+00,1.584498E-01,1.186989E+03,5.403218E+00,3.803327E-02,4.338470E-04,1.186106E+03,3.873294E+02,3.800481E-02,3.111256E-02
07:10:00,3.299845E+04,4.720142E+03,1.070200E+00,3.784225E-01,1.181904E+03,6.603267E+01,3.834783E-02,5.293458E-03,1.180981E+03,5.571916E+02,3.831785E-02,4.534448E-02,3.654234E+05,2.089660E+05,1.178889E+01,1.675376E+01,2.162999E+04,3.597006E+03,7.015053E-01,2.884281E-01,2.160009E+04,1.960573E+04,7.005341E-01,1.592085E+00,3.295269E+04,4.743419E+03,1.068713E+00,3.803297E-01,1.180981E+03,6.251334E+01,3.831784E-02,5.012112E-03,1.180057E+03,5.483901E+02,3.828783E-02,4.463494E-02
07:20:00,3.083672E+04,4.720142E+03,1.005446E+00,3.784225E-01,1.139905E+03,6.603267E+01,3.725271E-02,5.293458E-03,1.138948E+03,6.514255E+02,3.722137E-02,5.388458E-02,3.305640E+05,1.872775E+05,1.066362E+01,1.501403E+01,2.021733E+04,3.353576E+03,6.592144E-01,2.688443E-01,2.018653E+04,2.171422E+04,6.582040E-01,1.790093E+00,3.078958E+04,4.743419E+03,1.003900E+00,3.803297E-01,1.138948E+03,6.251334E+01,3.722137E-02,5.012112E-03,1.137991E+03,6.364651E+02,3.719001E-02,5.263469E-02
07:30:00,3.045486E+04,5.743487E+03,1.002167E+00,4.723433E-01,1.139204E+03,1.080514E+02,3.755207E-02,8.976447E-03,1.138212E+03,7.711176E+02,3.751930E-02,6.476628E-02,2.630492E+05,1.880830E+05,8.558966E+00,1.531252E+01,1.996932E+04,4.018685E+03,6.571384E-01,3.305551E-01,1.993698E+04,2.447478E+04,6.560695E-01,2.048860E+00,3.040537E+04,5.473891E+03,1.000531E+00,4.490483E-01,1.138212E+03,9.962330E+01,3.751929E-02,8.270444E-03,1.137219E+03,7.512339E+02,3.748650E-02,6.308660E-02
07:40:00,3.112183E+04,7.321868E+03,1.031789E+00,6.129755E-01,1.154908E+03,1.518979E+02,3.835766E-02,1.280485E-02,1.153884E+03,8.787278E+02,3.832356E-02,7.469910E-02,3.135905E+05,2.253764E+05,1.030865E+01,1.872592E+01,2.040403E+04,4.988677E+03,6.764750E-01,4.172833E-01,2.037089E+04,2.686430E+04,6.753711E-01,2.277647E+00,3.107111E+04,6.940724E+03,1.030100E+00,5.800476E-01,1.153884E+03,1.408486E+02,3.832356E-02,1.186998E-02,1.152859E+03,8.550665E+02,3.828944E-02,7.267425E-02
07:50:00,3.176392E+04,8.431769E+03,1.060366E+00,7.132074E-01,1.171442E+03,1.963604E+02,3.917978E-02,1.668717E-02,1.170386E+03,9.778743E+02,3.914437E-02,8.400309E-02,3.192461E+05,2.343411E+05,1.055323E+01,1.967469E+01,2.082297E+04,5.635178E+03,6.951426E-01,4.765113E-01,2.078894E+04,2.897481E+04,6.940009E-01,2.484767E+00,3.171185E+04,7.796376E+03,1.058619E+00,6.578919E-01,1.170385E+03,1.787775E+02,3.914436E-02,1.518180E-02,1.169329E+03,9.487807E+02,3.910893E-02,8.148961E-02
08:00:00,3.242496E+04,9.685306E+03,1.089363E+00,8.267412E-01,1.188848E+03,2.373992E+02,4.002251E-02,2.033180E-02,1.187760E+03,1.070411E+03,3.998580E-02,9.282768E-02,3.320701E+05,2.480206E+05,1.103939E+01,2.103983E+01,2.125442E+04,6.333305E+03,7.140872E-01,5.405640E-01,2.121952E+04,3.084466E+04,7.129079E-01,2.673256E+00,3.237155E+04,8.766728E+03,1.087558E+00,7.463415E-01,1.187760E+03,2.153185E+02,3.998579E-02,1.841035E-02,1.186672E+03,1.034569E+03,3.994905E-02,8.970577E-02
08:10:00,2.931669E+04,8.900796E+03,9.913399E-01,7.780891E-01,1.111084E+03,2.344541E+02,3.757065E-02,2.048576E-02,1.109975E+03,1.092155E+03,3.753315E-02,9.536445E-02,2.556304E+05,1.986748E+05,8.645864E+00,1.735805E+01,1.921927E+04,5.685918E+03,6.498970E-01,4.970838E-01,1.918372E+04,3.068352E+04,6.486951E-01,2.679205E+00,2.926230E+04,7.561838E+03,9.895007E-01,6.609235E-01,1.109975E+03,2.030756E+02,3.753314E-02,1.774974E-02,1.108866E+03,1.048259E+03,3.749563E-02,9.153150E-02
08:20:00,3.059458E+04,1.108005E+04,1.034548E+00,9.683776E-01,1.115595E+03,2.943860E+02,3.772297E-02,2.571890E-02,1.114474E+03,1.162948E+03,3.768508E-02,1.015467E-01,3.018196E+05,2.377625E+05,1.020781E+01,2.077115E+01,2.004606E+04,6.912981E+03,6.778526E-01,6.042271E-01,2.001058E+04,3.216385E+04,6.766528E-01,2.808486E+00,3.054028E+04,9.201832E+03,1.032712E+00,8.041217E-01,1.114474E+03,2.509500E+02,3.768507E-02,2.192997E-02,1.113353E+03,1.108597E+03,3.764715E-02,9.680076E-02
08:30:00,2.951125E+04,1.192429E+04,9.979141E-01,1.041197E+00,1.080569E+03,3.180810E+02,3.653854E-02,2.777393E-02,1.079436E+03,1.199610E+03,3.650023E-02,1.047477E-01,3.016034E+05,2.461687E+05,1.019912E+01,2.149588E+01,1.933304E+04,7.103460E+03,6.537409E-01,6.202487E-01,1.929725E+04,3.248881E+04,6.525306E-01,2.836858E+00,2.945649E+04,9.583026E+03,9.960622E-01,8.367516E-01,1.079435E+03,2.647781E+02,3.650022E-02,2.311938E-02,1.078302E+03,1.132134E+03,3.646188E-02,9.885567E-02
08:40:00,2.899156E+04,1.255360E+04,9.803392E-01,1.096157E+00,1.058665E+03,3.460499E+02,3.579779E-02,3.021635E-02,1.057521E+03,1.239255E+03,3.575911E-02,1.082094E-01,2.708071E+05,2.275591E+05,9.157663E+00,1.987043E+01,1.898875E+04,7.180509E+03,6.420980E-01,6.269797E-01,1.895277E+04,3.285622E+04,6.408812E-01,2.868943E+00,2.893650E+04,9.509218E+03,9.784774E-01,8.303111E-01,1.057521E+03,2.775932E+02,3.575910E-02,2.423850E-02,1.056376E+03,1.156096E+03,3.572039E-02,1.009480E-01
08:50:00,2.859304E+04,1.380951E+04,9.668650E-01,1.205825E+00,1.041743E+03,3.797650E+02,3.522561E-02,3.316040E-02,1.040590E+03,1.277372E+03,3.518663E-02,1.115371E-01,2.765080E+05,2.367604E+05,9.350446E+00,2.067367E+01,1.872449E+04,7.531296E+03,6.331630E-01,6.576090E-01,1.868832E+04,3.312017E+04,6.319401E-01,2.891972E+00,2.853771E+04,1.010170E+04,9.649941E-01,8.820433E-01,1.040589E+03,2.968269E+02,3.518662E-02,2.591795E-02,1.039436E+03,1.176220E+03,3.514761E-02,1.027045E-01
09:00:00,2.829312E+04,1.504919E+04,9.567247E-01,1.314081E+00,1.028497E+03,4.148834E+02,3.477775E-02,3.622699E-02,1.027336E+03,1.313262E+03,3.473850E-02,1.146701E-01,2.754226E+05,2.413330E+05,9.313742E+00,2.107301E+01,1.852528E+04,7.840670E+03,6.264277E-01,6.846245E-01,1.848897E+04,3.326416E+04,6.252000E-01,2.904525E+00,2.823757E+04,1.058135E+04,9.548464E-01,9.239291E-01,1.027336E+03,3.151913E+02,3.473850E-02,2.752152E-02,1.026175E+03,1.192080E+03,3.469923E-02,1.040887E-01
09:10:00,2.806303E+04,1.634811E+04,9.489457E-01,1.427510E+00,1.018038E+03,4.517874E+02,3.442411E-02,3.944948E-02,1.016871E+03,1.344946E+03,3.438466E-02,1.174361E-01,2.743100E+05,2.458745E+05,9.276120E+00,2.146959E+01,1.837225E+04,8.167655E+03,6.212540E-01,7.131771E-01,1.833583E+04,3.324100E+04,6.200224E-01,2.902487E+00,2.800731E+04,1.108843E+04,9.470615E-01,9.682081E-01,1.016871E+03,3.343244E+02,3.438465E-02,2.919221E-02,1.015703E+03,1.202617E+03,3.434517E-02,1.050081E-01
09:20:00,2.788372E+04,1.769777E+04,9.428832E-01,1.545368E+00,1.009738E+03,4.898509E+02,3.414346E-02,4.277320E-02,1.008566E+03,1.373147E+03,3.410383E-02,1.198981E-01,2.733458E+05,2.504716E+05,9.243512E+00,2.187103E+01,1.825286E+04,8.501386E+03,6.172175E-01,7.423188E-01,1.821637E+04,3.308619E+04,6.159835E-01,2.888959E+00,2.782789E+04,1.160552E+04,9.409954E-01,1.013362E+00,1.008565E+03,3.536693E+02,3.410382E-02,3.088139E-02,1.007393E+03,1.208564E+03,3.406417E-02,1.055271E-01
09:30:00,2.774303E+04,1.910132E+04,9.381265E-01,1.667931E+00,1.003090E+03,5.289249E+02,3.391868E-02,4.618512E-02,1.001914E+03,1.397740E+03,3.387892E-02,1.220452E-01,2.725102E+05,2.550990E+05,9.215254E+00,2.227512E+01,1.815910E+04,8.837854E+03,6.140474E-01,7.716994E-01,1.812256E+04,3.280769E+04,6.128117E-01,2.864634E+00,2.768712E+04,1.212681E+04,9.362360E-01,1.058882E+00,1.001914E+03,3.730427E+02,3.387892E-02,3.257304E-02,1.000738E+03,1.210066E+03,3.383913E-02,1.056580E-01
09:40:00,2.763158E+04,2.054545E+04,9.343582E-01,1.794035E+00,9.977663E+02,5.688495E+02,3.373866E-02,4.967127E-02,9.965877E+02,1.418527E+03,3.369881E-02,1.238602E-01,2.717832E+05,2.597131E+05,9.190670E+00,2.267803E+01,1.808477E+04,9.174081E+03,6.115343E-01,8.010589E-01,1.804819E+04,3.241048E+04,6.102972E-01,2.829947E+00,2.757561E+04,1.264779E+04,9.324657E-01,1.104374E+00,9.965875E+02,3.923165E+02,3.369880E-02,3.425598E-02,9.954081E+02,1.207246E+03,3.365892E-02,1.054116E-01
09:50:00,2.754243E+04,2.201908E+04,9.313443E-01,1.922712E+00,9.934861E+02,6.093087E+02,3.359393E-02,5.320405E-02,9.923052E+02,1.435301E+03,3.355400E-02,1.253247E-01,2.711472E+05,2.642787E+05,9.169165E+00,2.307671E+01,1.802529E+04,9.507674E+03,6.095233E-01,8.301880E-01,1.798867E+04,3.189853E+04,6.082850E-01,2.785241E+00,2.748642E+04,1.316479E+04,9.294502E-01,1.149520E+00,9.923049E+02,4.113845E+02,3.355399E-02,3.592096E-02,9.911233E+02,1.200198E+03,3.351403E-02,1.047961E-01
10:00:00,2.747045E+04,2.351223E+04,9.289104E-01,2.053091E+00,9.900303E+02,6.500349E+02,3.347707E-02,5.676010E-02,9.888475E+02,1.447847E+03,3.343708E-02,1.264200E-01,2.705876E+05,2.687666E+05,9.150241E+00,2.346861E+01,1.797724E+04,9.836323E+03,6.078988E-01,8.588853E-01,1.794060E+04,3.127506E+04,6.066597E-01,2.730799E+00,2.741439E+04,1.367429E+04,9.270150E-01,1.194008E+00,9.888473E+02,4.301358E+02,3.343707E-02,3.755826E-02,9.876637E+02,1.189026E+03,3.339705E-02,1.038205E-01
10:10:00,2.741175E+04,2.502399E+04,9.269258E-01,2.185093E+00,9.872283E+02,6.905700E+02,3.338232E-02,6.029942E-02,9.860439E+02,1.457404E+03,3.334227E-02,1.272544E-01,2.700928E+05,2.731521E+05,9.133508E+00,2.385155E+01,1.793806E+04,1.014765E+04,6.065741E-01,8.860697E-01,1.790140E+04,3.058633E+04,6.053343E-01,2.670659E+00,2.735566E+04,1.415743E+04,9.250294E-01,1.236197E+00,9.860437E+02,4.478334E+02,3.334226E-02,3.910355E-02,9.848586E+02,1.174666E+03,3.330219E-02,1.025666E-01
10:20:00,2.736344E+04,2.653412E+04,9.252925E-01,2.316951E+00,9.849460E+02,7.308866E+02,3.330514E-02,6.381962E-02,9.837604E+02,1.462782E+03,3.326505E-02,1.277239E-01,2.696529E+05,2.774141E+05,9.118634E+00,2.422372E+01,1.790583E+04,1.044781E+04,6.054841E-01,9.122787E-01,1.786915E+04,2.980170E+04,6.042438E-01,2.602146E+00,2.730733E+04,1.462359E+04,9.233953E-01,1.276901E+00,9.837602E+02,4.648516E+02,3.326504E-02,4.058950E-02,9.825739E+02,1.156524E+03,3.322493E-02,1.009824E-01
10:30:00,2.732330E+04,2.801306E+04,9.239355E-01,2.446084E+00,9.830778E+02,7.705038E+02,3.324197E-02,6.727872E-02,9.818913E+02,1.463710E+03,3.320184E-02,1.278048E-01,2.692599E+05,2.815304E+05,9.105345E+00,2.458315E+01,1.787905E+04,1.073706E+04,6.045788E-01,9.375351E-01,1.784236E+04,2.891999E+04,6.033382E-01,2.525157E+00,2.726718E+04,1.507311E+04,9.220378E-01,1.316152E+00,9.818911E+02,4.812163E+02,3.320184E-02,4.201838E-02,9.807038E+02,1.134654E+03,3.316169E-02,9.907274E-02
10:40:00,2.728964E+04,2.944977E+04,9.227972E-01,2.571527E+00,9.815403E+02,8.089940E+02,3.318997E-02,7.063942E-02,9.803530E+02,1.460070E+03,3.314982E-02,1.274869E-01,2.689073E+05,2.854878E+05,9.093419E+00,2.492871E+01,1.785660E+04,1.101514E+04,6.038199E-01,9.618158E-01,1.781991E+04,2.794456E+04,6.025790E-01,2.439986E+00,2.723350E+04,1.550552E+04,9.208992E-01,1.353909E+00,9.803528E+02,4.969197E+02,3.314982E-02,4.338951E-02,9.791648E+02,1.109183E+03,3.310964E-02,9.684866E-02
10:50:00,2.726113E+04,3.083341E+04,9.218333E-01,2.692336E+00,9.802674E+02,8.461215E+02,3.314693E-02,7.388113E-02,9.790796E+02,1.451865E+03,3.310676E-02,1.267704E-01,2.685896E+05,2.892748E+05,9.082676E+00,2.525939E+01,1.783761E+04,1.128175E+04,6.031777E-01,9.850952E-01,1.780091E+04,2.688210E+04,6.019366E-01,2.347214E+00,2.720499E+04,1.592035E+04,9.199350E-01,1.390130E+00,9.790794E+02,5.119537E+02,3.310675E-02,4.470219E-02,9.778908E+02,1.080327E+03,3.306656E-02,9.432900E-02
11:00:00,2.723676E+04,3.215466E+04,9.210095E-01,2.807696E+00,9.792072E+02,8.816710E+02,3.311107E-02,7.698504E-02,9.780189E+02,1.439247E+03,3.307089E-02,1.256686E-01,2.683024E+05,2.928805E+05,9.072963E+00,2.557422E+01,1.782139E+04,1.153664E+04,6.026292E-01,1.007351E+00,1.778468E+04,2.574303E+04,6.013881E-01,2.247754E+00,2.718062E+04,1.631718E+04,9.191110E-01,1.424778E+00,9.780187E+02,5.263130E+02,3.307088E-02,4.595596E-02,9.768297E+02,1.048409E+03,3.303068E-02,9.154206E-02
11:10:00,2.721543E+04,3.340114E+04,9.202884E-01,2.916526E+00,9.783062E+02,9.152898E+02,3.308060E-02,7.992038E-02,9.771176E+02,1.422343E+03,3.304041E-02,1.241925E-01,2.680369E+05,2.962945E+05,9.063985E+00,2.587232E+01,1.780720E+04,1.177712E+04,6.021496E-01,1.028348E+00,1.777050E+04,2.453962E+04,6.009084E-01,2.142677E+00,2.715929E+04,1.669187E+04,9.183899E-01,1.457495E+00,9.771174E+02,5.398408E+02,3.304040E-02,4.713713E-02,9.759281E+02,1.013731E+03,3.300019E-02,8.851404E-02
11:20:00,2.719704E+04,3.456583E+04,9.196665E-01,3.018215E+00,9.775488E+02,9.468109E+02,3.305499E-02,8.267255E-02,9.763600E+02,1.401619E+03,3.301479E-02,1.223829E-01,2.677998E+05,2.995090E+05,9.055969E+00,2.615299E+01,1.779498E+04,1.200291E+04,6.017364E-01,1.048063E+00,1.775827E+04,2.329058E+04,6.004951E-01,2.033614E+00,2.714090E+04,1.704404E+04,9.177680E-01,1.488244E+00,9.763598E+02,5.525285E+02,3.301478E-02,4.824494E-02,9.751703E+02,9.768685E+02,3.297456E-02,8.529534E-02
11:30:00,2.718077E+04,3.564316E+04,9.191163E-01,3.112276E+00,9.768990E+02,9.761024E+02,3.303301E-02,8.523006E-02,9.757101E+02,1.377752E+03,3.299281E-02,1.202990E-01,2.675816E+05,3.025165E+05,9.048589E+00,2.641559E+01,1.778418E+04,1.221388E+04,6.013711E-01,1.066483E+00,1.774747E+04,2.202012E+04,6.001299E-01,1.922681E+00,2.712463E+04,1.737346E+04,9.172179E-01,1.517006E+00,9.757099E+02,5.643740E+02,3.299280E-02,4.927921E-02,9.745202E+02,9.385776E+02,3.295258E-02,8.195191E-02
11:40:00,2.716656E+04,3.662747E+04,9.186359E-01,3.198215E+00,9.763465E+02,1.003038E+03,3.301433E-02,8.758188E-02,9.751575E+02,1.351660E+03,3.297412E-02,1.180206E-01,2.673861E+05,3.053028E+05,9.041977E+00,2.665887E+01,1.777475E+04,1.240982E+04,6.010525E-01,1.083591E+00,1.773805E+04,2.075861E+04,5.998114E-01,1.812531E+00,2.711042E+04,1.767985E+04,9.167376E-01,1.543759E+00,9.751573E+02,5.753766E+02,3.297412E-02,5.023989E-02,9.739676E+02,8.998110E+02,3.293389E-02,7.856695E-02
11:50:00,2.715419E+04,3.751427E+04,9.182178E-01,3.275640E+00,9.758776E+02,1.027519E+03,3.299847E-02,8.971934E-02,9.746886E+02,1.324474E+03,3.295827E-02,1.156468E-01,2.672125E+05,3.078612E+05,9.036108E+00,2.688224E+01,1.776656E+04,1.259066E+04,6.007755E-01,1.099381E+00,1.772986E+04,1.954156E+04,5.995345E-01,1.706264E+00,2.709806E+04,1.796316E+04,9.163197E-01,1.568494E+00,9.746884E+02,5.855412E+02,3.295826E-02,5.112739E-02,9.734987E+02,8.617042E+02,3.291803E-02,7.523961E-02
12:00:00,2.714334E+04,3.830004E+04,9.178507E-01,3.344244E+00,9.754763E+02,1.049468E+03,3.298490E-02,9.163571E-02,9.742873E+02,1.297606E+03,3.294470E-02,1.133008E-01,2.670571E+05,3.101878E+05,9.030852E+00,2.708537E+01,1.775937E+04,1.275643E+04,6.005324E-01,1.113854E+00,1.772268E+04,1.841097E+04,5.992916E-01,1.607545E+00,2.708721E+04,1.822344E+04,9.159528E-01,1.591220E+00,9.742871E+02,5.948768E+02,3.294469E-02,5.194251E-02,9.730974E+02,8.256203E+02,3.290446E-02,7.208891E-02
12:10:00,2.713374E+04,3.898624E+04,9.175261E-01,3.404154E+00,9.751303E+02,1.068989E+03,3.297320E-02,9.334014E-02,9.739414E+02,1.272948E+03,3.293300E-02,1.111478E-01,2.669170E+05,3.122809E+05,9.026115E+00,2.726811E+01,1.775302E+04,1.290967E+04,6.003177E-01,1.127234E+00,1.771633E+04,1.741798E+04,5.990770E-01,1.520841E+00,2.707762E+04,1.846466E+04,9.156284E-01,1.612281E+00,9.739412E+02,6.035489E+02,3.293299E-02,5.269971E-02,9.727516E+02,7.933190E+02,3.289277E-02,6.926850E-02
12:20:00,2.712476E+04,3.957060E+04,9.172226E-01,3.455173E+00,9.748153E+02,1.086765E+03,3.296255E-02,9.489219E-02,9.736266E+02,1.252263E+03,3.292235E-02,1.093416E-01,2.667820E+05,3.141358E+05,9.021550E+00,2.743006E+01,1.774709E+04,1.307107E+04,6.001171E-01,1.141326E+00,1.771040E+04,1.661046E+04,5.988766E-01,1.450333E+00,2.706865E+04,1.868710E+04,9.153252E-01,1.631703E+00,9.736264E+02,6.122168E+02,3.292234E-02,5.345652E-02,9.724370E+02,7.664245E+02,3.288212E-02,6.692023E-02
12:30:00,2.711672E+04,4.005190E+04,9.169508E-01,3.497193E+00,9.745389E+02,1.104389E+03,3.295320E-02,9.643100E-02,9.733503E+02,1.236003E+03,3.291301E-02,1.079220E-01,2.666597E+05,3.157631E+05,9.017415E+00,2.757213E+01,1.774178E+04,1.328556E+04,5.999376E-01,1.160054E+00,1.770510E+04,1.599392E+04,5.986973E-01,1.396500E+00,2.706062E+04,1.889142E+04,9.150538E-01,1.649541E+00,9.733501E+02,6.223129E+02,3.291300E-02,5.433806E-02,9.721608E+02,7.453099E+02,3.287279E-02,6.507664E-02
12:40:00,2.710924E+04,4.042960E+04,9.166978E-01,3.530168E+00,9.742870E+02,1.123397E+03,3.294468E-02,9.809064E-02,9.730986E+02,1.224027E+03,3.290449E-02,1.068763E-01,2.665435E+05,3.171736E+05,9.013486E+00,2.769526E+01,1.773684E+04,1.359148E+04,5.997707E-01,1.186766E+00,1.770017E+04,1.555913E+04,5.985305E-01,1.358539E+00,2.705315E+04,1.907817E+04,9.148010E-01,1.665847E+00,9.730984E+02,6.351245E+02,3.290449E-02,5.545672E-02,9.719092E+02,7.298713E+02,3.286428E-02,6.372869E-02
12:50:00,2.710216E+04,4.070316E+04,9.164584E-01,3.554050E+00,9.740531E+02,1.145119E+03,3.293677E-02,9.998728E-02,9.728648E+02,1.215837E+03,3.289659E-02,1.061613E-01,2.664317E+05,3.183722E+05,9.009704E+00,2.779989E+01,1.773217E+04,1.403003E+04,5.996128E-01,1.225060E+00,1.769551E+04,1.528554E+04,5.983729E-01,1.334653E+00,2.704608E+04,1.924771E+04,9.145620E-01,1.680649E+00,9.728646E+02,6.518318E+02,3.289658E-02,5.691558E-02,9.716757E+02,7.196257E+02,3.285638E-02,6.283417E-02
13:00:00,2.709551E+04,4.087221E+04,9.162335E-01,3.568807E+00,9.738367E+02,1.170706E+03,3.292945E-02,1.022214E-01,9.726487E+02,1.210458E+03,3.288928E-02,1.056916E-01,2.663256E+05,3.193627E+05,9.006116E+00,2.788636E+01,1.772779E+04,1.463945E+04,5.994645E-01,1.278274E+00,1.769113E+04,1.514037E+04,5.982249E-01,1.321981E+00,2.703944E+04,1.940021E+04,9.143375E-01,1.693964E+00,9.726485E+02,6.737588E+02,3.288927E-02,5.883023E-02,9.714597E+02,7.136727E+02,3.284908E-02,6.231448E-02
13:10:00,2.708928E+04,4.093521E+04,9.160230E-01,3.574304E+00,9.736366E+02,1.201029E+03,3.292268E-02,1.048692E-01,9.724488E+02,1.206373E+03,3.288252E-02,1.053351E-01,2.662259E+05,3.201487E+05,9.002743E+00,2.795496E+01,1.772369E+04,1.544604E+04,5.993258E-01,1.348707E+00,1.768704E+04,1.507759E+04,5.980864E-01,1.316502E+00,2.703322E+04,1.953422E+04,9.141273E-01,1.705664E+00,9.724486E+02,7.017609E+02,3.288251E-02,6.127534E-02,9.712601E+02,7.106248E+02,3.284233E-02,6.204845E-02
13:20:00,2.708346E+04,4.089251E+04,9.158262E-01,3.570572E+00,9.734514E+02,1.236093E+03,3.291642E-02,1.079308E-01,9.722638E+02,1.201877E+03,3.287627E-02,1.049425E-01,2.661327E+05,3.207361E+05,8.999592E+00,2.800622E+01,1.771986E+04,1.645075E+04,5.991963E-01,1.436439E+00,1.768321E+04,1.504691E+04,5.979571E-01,1.313826E+00,2.702741E+04,1.965003E+04,9.139310E-01,1.715775E+00,9.722636E+02,7.359482E+02,3.287626E-02,6.426056E-02,9.710754E+02,7.089296E+02,3.283608E-02,6.190051E-02
13:30:00,2.707803E+04,4.074450E+04,9.156425E-01,3.557645E+00,9.732798E+02,1.274816E+03,3.291062E-02,1.113121E-01,9.720924E+02,1.196318E+03,3.287047E-02,1.044572E-01,2.660459E+05,3.211208E+05,8.996658E+00,2.803979E+01,1.771628E+04,1.762461E+04,5.990753E-01,1.538942E+00,1.767964E+04,1.503256E+04,5.978364E-01,1.312576E+00,2.702199E+04,1.974715E+04,9.137476E-01,1.724254E+00,9.720923E+02,7.754831E+02,3.287046E-02,6.771273E-02,9.709042E+02,7.080202E+02,3.283029E-02,6.182118E-02
13:40:00,2.707296E+04,4.049191E+04,9.154709E-01,3.535587E+00,9.731205E+02,1.315984E+03,3.290523E-02,1.149067E-01,9.719335E+02,1.189347E+03,3.286509E-02,1.038485E-01,2.659654E+05,3.213004E+05,8.993936E+00,2.805544E+01,1.771294E+04,1.893906E+04,5.989624E-01,1.653722E+00,1.767631E+04,1.502512E+04,5.977237E-01,1.311928E+00,2.701693E+04,1.982509E+04,9.135765E-01,1.731059E+00,9.719333E+02,8.194750E+02,3.286509E-02,7.155406E-02,9.707455E+02,7.075272E+02,3.282493E-02,6.177819E-02
13:50:00,2.706822E+04,4.013595E+04,9.153108E-01,3.504504E+00,9.729725E+02,1.358431E+03,3.290023E-02,1.186131E-01,9.717858E+02,1.180675E+03,3.286010E-02,1.030913E-01,2.658908E+05,3.212726E+05,8.991413E+00,2.805299E+01,1.770982E+04,2.035768E+04,5.988570E-01,1.777596E+00,1.767320E+04,1.501834E+04,5.976187E-01,1.311338E+00,2.701221E+04,1.988338E+04,9.134168E-01,1.736148E+00,9.717856E+02,8.669766E+02,3.286009E-02,7.570183E-02,9.705981E+02,7.071728E+02,3.281994E-02,6.174728E-02
14:00:00,2.706380E+04,3.967838E+04,9.151615E-01,3.464547E+00,9.728348E+02,1.401034E+03,3.289557E-02,1.223330E-01,9.716484E+02,1.170092E+03,3.285545E-02,1.021672E-01,2.658218E+05,3.210361E+05,8.989079E+00,2.803231E+01,1.770692E+04,2.184254E+04,5.987588E-01,1.907254E+00,1.767030E+04,1.500777E+04,5.975207E-01,1.310416E+00,2.700780E+04,1.992151E+04,9.132678E-01,1.739476E+00,9.716482E+02,9.167424E+02,3.285545E-02,8.004728E-02,9.704610E+02,7.067396E+02,3.281530E-02,6.170949E-02
14:10:00,2.705968E+04,3.911869E+04,9.150221E-01,3.415675E+00,9.727065E+02,1.442646E+03,3.289123E-02,1.259664E-01,9.715203E+02,1.157367E+03,3.285112E-02,1.010561E-01,2.657580E+05,3.205883E+05,8.986922E+00,2.799317E+01,1.770421E+04,2.336056E+04,5.986671E-01,2.039806E+00,1.766760E+04,1.498820E+04,5.974293E-01,1.308708E+00,2.700369E+04,1.993631E+04,9.131289E-01,1.740767E+00,9.715201E+02,9.676817E+02,3.285112E-02,8.449516E-02,9.703332E+02,7.059363E+02,3.281098E-02,6.163936E-02
14:20:00,2.705583E+04,3.845977E+04,9.148920E-01,3.358139E+00,9.725868E+02,1.482343E+03,3.288719E-02,1.294326E-01,9.714009E+02,1.142415E+03,3.284709E-02,9.975048E-02,2.656990E+05,3.199264E+05,8.984928E+00,2.793536E+01,1.770168E+04,2.488286E+04,5.985816E-01,2.172730E+00,1.766508E+04,1.495723E+04,5.973441E-01,1.306005E+00,2.699986E+04,1.992700E+04,9.129992E-01,1.739953E+00,9.714007E+02,1.018846E+03,3.284708E-02,8.896270E-02,9.702141E+02,7.046245E+02,3.280695E-02,6.152484E-02
14:30:00,2.705224E+04,3.770480E+04,9.147706E-01,3.292216E+00,9.724750E+02,1.519318E+03,3.288340E-02,1.326610E-01,9.712893E+02,1.125188E+03,3.284331E-02,9.824631E-02,2.656446E+05,3.190461E+05,8.983087E+00,2.785846E+01,1.769932E+04,2.638416E+04,5.985018E-01,2.303818E+00,1.766273E+04,1.491300E+04,5.972645E-01,1.302143E+00,2.699628E+04,1.989298E+04,9.128783E-01,1.736982E+00,9.712891E+02,1.069379E+03,3.284331E-02,9.337499E-02,9.701028E+02,7.026903E+02,3.280319E-02,6.135595E-02
14:40:00,2.704889E+04,3.685812E+04,9.146573E-01,3.218285E+00,9.723703E+02,1.552933E+03,3.287986E-02,1.355960E-01,9.711850E+02,1.105689E+03,3.283978E-02,9.654372E-02,2.655943E+05,3.179438E+05,8.981388E+00,2.776218E+01,1.769711E+04,2.784355E+04,5.984273E-01,2.431245E+00,1.766053E+04,1.485413E+04,5.971903E-01,1.297003E+00,2.699295E+04,1.983369E+04,9.127654E-01,1.731804E+00,9.711848E+02,1.118545E+03,3.283978E-02,9.766793E-02,9.699988E+02,7.000434E+02,3.279967E-02,6.112484E-02
14:50:00,2.704576E+04,3.592491E+04,9.145515E-01,3.136799E+00,9.722722E+02,1.582677E+03,3.287655E-02,1.381931E-01,9.710872E+02,1.083956E+03,3.283648E-02,9.464605E-02,2.655480E+05,3.166172E+05,8.979820E+00,2.764632E+01,1.769506E+04,2.924344E+04,5.983577E-01,2.553475E+00,1.765849E+04,1.477971E+04,5.971211E-01,1.290505E+00,2.698983E+04,1.974864E+04,9.126600E-01,1.724377E+00,9.710870E+02,1.165708E+03,3.283647E-02,1.017859E-01,9.699013E+02,6.966163E+02,3.279638E-02,6.082559E-02
15:00:00,2.704284E+04,3.491135E+04,9.144526E-01,3.048297E+00,9.721803E+02,1.608169E+03,3.287344E-02,1.404189E-01,9.709956E+02,1.060080E+03,3.283338E-02,9.256125E-02,2.655052E+05,3.150654E+05,8.978372E+00,2.751080E+01,1.769314E+04,3.056956E+04,5.982927E-01,2.669262E+00,1.765657E+04,1.468927E+04,5.970564E-01,1.282608E+00,2.698692E+04,1.963743E+04,9.125616E-01,1.714666E+00,9.709954E+02,1.210334E+03,3.283337E-02,1.056824E-01,9.698099E+02,6.923735E+02,3.279329E-02,6.045513E-02
15:10:00,2.704011E+04,3.382348E+04,9.143602E-01,2.953307E+00,9.720939E+02,1.629090E+03,3.287052E-02,1.422455E-01,9.709095E+02,1.034105E+03,3.283047E-02,9.029318E-02,2.654657E+05,3.132882E+05,8.977037E+00,2.735560E+01,1.769134E+04,3.180941E+04,5.982320E-01,2.777516E+00,1.765479E+04,1.458291E+04,5.969960E-01,1.273321E+00,2.698420E+04,1.949884E+04,9.124697E-01,1.702563E+00,9.709093E+02,1.251918E+03,3.283046E-02,1.093133E-01,9.697242E+02,6.872300E+02,3.279039E-02,6.000602E-02
15:20:00,2.703755E+04,3.267585E+04,9.142738E-01,2.853099E+00,9.720126E+02,1.646751E+03,3.286777E-02,1.437874E-01,9.708285E+02,1.005891E+03,3.282773E-02,8.782959E-02,2.654292E+05,3.112849E+05,8.975805E+00,2.718064E+01,1.768966E+04,3.299872E+04,5.981752E-01,2.881357E+00,1.765312E+04,1.444769E+04,5.969395E-01,1.261514E+00,2.698166E+04,1.931444E+04,9.123837E-01,1.686461E+00,9.708283E+02,1.290979E+03,3.282772E-02,1.127238E-01,9.696435E+02,6.804062E+02,3.278766E-02,5.941020E-02
15:30:00,2.703516E+04,3.147065E+04,9.141929E-01,2.747864E+00,9.719361E+02,1.660008E+03,3.286518E-02,1.449449E-01,9.707523E+02,9.757449E+02,3.282515E-02,8.519736E-02,2.653956E+05,3.090573E+05,8.974668E+00,2.698611E+01,1.768809E+04,3.409810E+04,5.981221E-01,2.977344E+00,1.765155E+04,1.429131E+04,5.968866E-01,1.247860E+00,2.697928E+04,1.909693E+04,9.123033E-01,1.667467E+00,9.707521E+02,1.326587E+03,3.282515E-02,1.158328E-01,9.695676E+02,6.723556E+02,3.278509E-02,5.870724E-02
15:40:00,2.703292E+04,3.021755E+04,9.141172E-01,2.638447E+00,9.718639E+02,1.668687E+03,3.286274E-02,1.457026E-01,9.706805E+02,9.439061E+02,3.282272E-02,8.241729E-02,2.653646E+05,3.066082E+05,8.973619E+00,2.677224E+01,1.768662E+04,3.509572E+04,5.980723E-01,3.064447E+00,1.765009E+04,1.411495E+04,5.968372E-01,1.232461E+00,2.697705E+04,1.884858E+04,9.122280E-01,1.645781E+00,9.706803E+02,1.358416E+03,3.282272E-02,1.186119E-01,9.694961E+02,6.631429E+02,3.278268E-02,5.790281E-02
15:50:00,2.703082E+04,2.892828E+04,9.140462E-01,2.525873E+00,9.717958E+02,1.672752E+03,3.286044E-02,1.460575E-01,9.706126E+02,9.106271E+02,3.282043E-02,7.951149E-02,2.653360E+05,3.039412E+05,8.972652E+00,2.653934E+01,1.768524E+04,3.598329E+04,5.980257E-01,3.141942E+00,1.764872E+04,1.391905E+04,5.967908E-01,1.215355E+00,2.697497E+04,1.857048E+04,9.121575E-01,1.621497E+00,9.706124E+02,1.386186E+03,3.282042E-02,1.210365E-01,9.694286E+02,6.527873E+02,3.278039E-02,5.699857E-02
16:00:00,2.702885E+04,2.761629E+04,9.139796E-01,2.411314E+00,9.717314E+02,1.672216E+03,3.285826E-02,1.460106E-01,9.705485E+02,8.761926E+02,3.281826E-02,7.650478E-02,2.653096E+05,3.010610E+05,8.971760E+00,2.628782E+01,1.768395E+04,3.675298E+04,5.979820E-01,3.209143E+00,1.764744E+04,1.370368E+04,5.967474E-01,1.196549E+00,2.697301E+04,1.826336E+04,9.120914E-01,1.594679E+00,9.705483E+02,1.409630E+03,3.281826E-02,1.230834E-01,9.693648E+02,6.412848E+02,3.277823E-02,5.599418E-02
16:10:00,2.702701E+04,2.630251E+04,9.139171E-01,2.296599E+00,9.716704E+02,1.667366E+03,3.285620E-02,1.455871E-01,9.704878E+02,8.411435E+02,3.281621E-02,7.344443E-02,2.652853E+05,2.979751E+05,8.970936E+00,2.601834E+01,1.768273E+04,3.740082E+04,5.979409E-01,3.265705E+00,1.764623E+04,1.347141E+04,5.967066E-01,1.176267E+00,2.697118E+04,1.793297E+04,9.120293E-01,1.565830E+00,9.704877E+02,1.428706E+03,3.281620E-02,1.247489E-01,9.693044E+02,6.288675E+02,3.277619E-02,5.490991E-02
16:20:00,2.702527E+04,2.499777E+04,9.138584E-01,2.182675E+00,9.716126E+02,1.656828E+03,3.285424E-02,1.446668E-01,9.704303E+02,8.061198E+02,3.281427E-02,7.038629E-02,2.652628E+05,2.946897E+05,8.970177E+00,2.573145E+01,1.768159E+04,3.787436E+04,5.979023E-01,3.307048E+00,1.764510E+04,1.323503E+04,5.966684E-01,1.155626E+00,2.696945E+04,1.759804E+04,9.119711E-01,1.536583E+00,9.704301E+02,1.442283E+03,3.281426E-02,1.259343E-01,9.692472E+02,6.162950E+02,3.277426E-02,5.381208E-02
16:30:00,2.702364E+04,2.373121E+04,9.138032E-01,2.072083E+00,9.715577E+02,1.641773E+03,3.285239E-02,1.433522E-01,9.703757E+02,7.713904E+02,3.281242E-02,6.735386E-02,2.652421E+05,2.912199E+05,8.969476E+00,2.542846E+01,1.768052E+04,3.819677E+04,5.978661E-01,3.335195E+00,1.764403E+04,1.298711E+04,5.966324E-01,1.133978E+00,2.696783E+04,1.724657E+04,9.119163E-01,1.505893E+00,9.703755E+02,1.450705E+03,3.281241E-02,1.266695E-01,9.691929E+02,6.031145E+02,3.277242E-02,5.266119E-02
16:40:00,2.702210E+04,2.252466E+04,9.137512E-01,1.966733E+00,9.715055E+02,1.622474E+03,3.285062E-02,1.416670E-01,9.703238E+02,7.373989E+02,3.281066E-02,6.438586E-02,2.652230E+05,2.875807E+05,8.968830E+00,2.511066E+01,1.767951E+04,3.836381E+04,5.978319E-01,3.349776E+00,1.764303E+04,1.272683E+04,5.965985E-01,1.111251E+00,2.696631E+04,1.687710E+04,9.118647E-01,1.473631E+00,9.703237E+02,1.453731E+03,3.281066E-02,1.269337E-01,9.691413E+02,5.892673E+02,3.277068E-02,5.145207E-02
16:50:00,2.702065E+04,2.136917E+04,9.137021E-01,1.865841E+00,9.714558E+02,1.599514E+03,3.284894E-02,1.396622E-01,9.702744E+02,7.039318E+02,3.280899E-02,6.146367E-02,2.652053E+05,2.837861E+05,8.968234E+00,2.477931E+01,1.767856E+04,3.839384E+04,5.977997E-01,3.352395E+00,1.764209E+04,1.244329E+04,5.965666E-01,1.086492E+00,2.696487E+04,1.647281E+04,9.118161E-01,1.438329E+00,9.702743E+02,1.451432E+03,3.280899E-02,1.267328E-01,9.690922E+02,5.740649E+02,3.276902E-02,5.012463E-02
17:00:00,2.701928E+04,2.028834E+04,9.136558E-01,1.771468E+00,9.714084E+02,1.572797E+03,3.284734E-02,1.373294E-01,9.702274E+02,6.716039E+02,3.280740E-02,5.864096E-02,2.651891E+05,2.798502E+05,8.967684E+00,2.443562E+01,1.767766E+04,3.826084E+04,5.977693E-01,3.340777E+00,1.764120E+04,1.214435E+04,5.965365E-01,1.060390E+00,2.696352E+04,1.604579E+04,9.117703E-01,1.401043E+00,9.702272E+02,1.443296E+03,3.280740E-02,1.260223E-01,9.690454E+02,5.579634E+02,3.276744E-02,4.871868E-02
17:10:00,2.701799E+04,1.929918E+04,9.136121E-01,1.685100E+00,9.713632E+02,1.542494E+03,3.284581E-02,1.346834E-01,9.701824E+02,6.408794E+02,3.280588E-02,5.595824E-02,2.651741E+05,2.757879E+05,8.967176E+00,2.408089E+01,1.767681E+04,3.795222E+04,5.977406E-01,3.313826E+00,1.764036E+04,1.183243E+04,5.965080E-01,1.033153E+00,2.696224E+04,1.560413E+04,9.117270E-01,1.362478E+00,9.701823E+02,1.429129E+03,3.280588E-02,1.247853E-01,9.690008E+02,5.411841E+02,3.276593E-02,4.725355E-02
17:20:00,2.701676E+04,1.840543E+04,9.135708E-01,1.607062E+00,9.713199E+02,1.508472E+03,3.284435E-02,1.317126E-01,9.701395E+02,6.119450E+02,3.280443E-02,5.343183E-02,2.651602E+05,2.716201E+05,8.966708E+00,2.371696E+01,1.767600E+04,3.745590E+04,5.977134E-01,3.270487E+00,1.763956E+04,1.150846E+04,5.964811E-01,1.004864E+00,2.696103E+04,1.516925E+04,9.116860E-01,1.324504E+00,9.701393E+02,1.409062E+03,3.280442E-02,1.230329E-01,9.689582E+02,5.241807E+02,3.276449E-02,4.576885E-02
17:30:00,2.701560E+04,1.759544E+04,9.135316E-01,1.536337E+00,9.712785E+02,1.470257E+03,3.284295E-02,1.283758E-01,9.700984E+02,5.847026E+02,3.280304E-02,5.105315E-02,2.651474E+05,2.673627E+05,8.966275E+00,2.334520E+01,1.767524E+04,3.675878E+04,5.976877E-01,3.209614E+00,1.763881E+04,1.117340E+04,5.964557E-01,9.756078E-01,2.695988E+04,1.475808E+04,9.116473E-01,1.288601E+00,9.700982E+02,1.383105E+03,3.280303E-02,1.207664E-01,9.689173E+02,5.073342E+02,3.276310E-02,4.429785E-02
17:40:00,2.701450E+04,1.685241E+04,9.134944E-01,1.471459E+00,9.712388E+02,1.427235E+03,3.284160E-02,1.246192E-01,9.700590E+02,5.588590E+02,3.280171E-02,4.879661E-02,2.651356E+05,2.630336E+05,8.965877E+00,2.296717E+01,1.767452E+04,3.584921E+04,5.976633E-01,3.130191E+00,1.763810E+04,1.082823E+04,5.964316E-01,9.454676E-01,2.695879E+04,1.438322E+04,9.116105E-01,1.255870E+00,9.700588E+02,1.351206E+03,3.280170E-02,1.179810E-01,9.688782E+02,4.909469E+02,3.276178E-02,4.286696E-02
17:50:00,2.701346E+04,1.618574E+04,9.134591E-01,1.413249E+00,9.712007E+02,1.378056E+03,3.284032E-02,1.203251E-01,9.700212E+02,5.347056E+02,3.280043E-02,4.668763E-02,2.651248E+05,2.586534E+05,8.965509E+00,2.258469E+01,1.767384E+04,3.468201E+04,5.976401E-01,3.028272E+00,1.763742E+04,1.048459E+04,5.964087E-01,9.154621E-01,2.695776E+04,1.406764E+04,9.115756E-01,1.228314E+00,9.700210E+02,1.312586E+03,3.280042E-02,1.146088E-01,9.688407E+02,4.758673E+02,3.276051E-02,4.155025E-02
18:00:00,2.701247E+04,1.556829E+04,9.134256E-01,1.359336E+00,9.711641E+02,1.321827E+03,3.283908E-02,1.154154E-01,9.699848E+02,5.116250E+02,3.279920E-02,4.467233E-02,2.651147E+05,2.542450E+05,8.965169E+00,2.219974E+01,1.767318E+04,3.325231E+04,5.976181E-01,2.903433E+00,1.763678E+04,1.013571E+04,5.963869E-01,8.849984E-01,2.695678E+04,1.379906E+04,9.115425E-01,1.204863E+00,9.699846E+02,1.266753E+03,3.279919E-02,1.106068E-01,9.688046E+02,4.616731E+02,3.275929E-02,4.031086E-02
18:10:00,2.701152E+04,1.497266E+04,9.133936E-01,1.307329E+00,9.711288E+02,1.256963E+03,3.283788E-02,1.097517E-01,9.699498E+02,4.889428E+02,3.279802E-02,4.269181E-02,2.651054E+05,2.498322E+05,8.964855E+00,2.181442E+01,1.767256E+04,3.153348E+04,5.975971E-01,2.753348E+00,1.763616E+04,9.778353E+03,5.963662E-01,8.537950E-01,2.695585E+04,1.355771E+04,9.115110E-01,1.183790E+00,9.699496E+02,1.212350E+03,3.279801E-02,1.058564E-01,9.687699E+02,4.478727E+02,3.275812E-02,3.910586E-02
18:20:00,2.701062E+04,1.438410E+04,9.133631E-01,1.255938E+00,9.710948E+02,1.182075E+03,3.283673E-02,1.032127E-01,9.699161E+02,4.663101E+02,3.279688E-02,4.071562E-02,2.650969E+05,2.454401E+05,8.964566E+00,2.143091E+01,1.767197E+04,2.949620E+04,5.975771E-01,2.575458E+00,1.763558E+04,9.413207E+03,5.963464E-01,8.219114E-01,2.695496E+04,1.330527E+04,9.114809E-01,1.161748E+00,9.699159E+02,1.147432E+03,3.279687E-02,1.001880E-01,9.687365E+02,4.336899E+02,3.275699E-02,3.786748E-02
18:30:00,2.700976E+04,1.378965E+04,9.133340E-01,1.204034E+00,9.710620E+02,1.095709E+03,3.283562E-02,9.567150E-02,9.698835E+02,4.432927E+02,3.279578E-02,3.870583E-02,2.650890E+05,2.410988E+05,8.964299E+00,2.105183E+01,1.767141E+04,2.710867E+04,5.975580E-01,2.366986E+00,1.763502E+04,9.036551E+03,5.963276E-01,7.890229E-01,2.695411E+04,1.298985E+04,9.114522E-01,1.134207E+00,9.698834E+02,1.069620E+03,3.279577E-02,9.339369E-02,9.687042E+02,4.179002E+02,3.275590E-02,3.648879E-02
18:40:00,2.700894E+04,1.319547E+04,9.133062E-01,1.152153E+00,9.710303E+02,9.961110E+02,3.283455E-02,8.697497E-02,9.698521E+02,4.201362E+02,3.279471E-02,3.668390E-02,2.650817E+05,2.368416E+05,8.964052E+00,2.068009E+01,1.767087E+04,2.431364E+04,5.975397E-01,2.122933E+00,1.763449E+04,8.654721E+03,5.963096E-01,7.556826E-01,2.695330E+04,1.255582E+04,9.114248E-01,1.096309E+00,9.698519E+02,9.756154E+02,3.279471E-02,8.518551E-02,9.686730E+02,3.994676E+02,3.275484E-02,3.487931E-02
18:50:00,2.700815E+04,1.260354E+04,9.132796E-01,1.100468E+00,9.709996E+02,8.864660E+02,3.283351E-02,7.740116E-02,9.698217E+02,3.968875E+02,3.279368E-02,3.465390E-02,2.650750E+05,2.327086E+05,8.963824E+00,2.031920E+01,1.767035E+04,2.122713E+04,5.975223E-01,1.853430E+00,1.763398E+04,8.270816E+03,5.962924E-01,7.221611E-01,2.695252E+04,1.197641E+04,9.113985E-01,1.045717E+00,9.698215E+02,8.679138E+02,3.279368E-02,7.578137E-02,9.686428E+02,3.777891E+02,3.275382E-02,3.298643E-02
19:00:00,2.700740E+04,1.201703E+04,9.132541E-01,1.049256E+00,9.709699E+02,7.750461E+02,3.283251E-02,6.767239E-02,9.697922E+02,3.736639E+02,3.279269E-02,3.262611E-02,2.650687E+05,2.287430E+05,8.963614E+00,1.997293E+01,1.766986E+04,1.814616E+04,5.975055E-01,1.584410E+00,1.763349E+04,7.888099E+03,5.962759E-01,6.887435E-01,2.695178E+04,1.127997E+04,9.113734E-01,9.849053E-01,9.697920E+02,7.553184E+02,3.279268E-02,6.594994E-02,9.686136E+02,3.534143E+02,3.275283E-02,3.085808E-02
19:10:00,2.700667E+04,1.146377E+04,9.132296E-01,1.000947E+00,9.709410E+02,6.695721E+02,3.283153E-02,5.846282E-02,9.697636E+02,3.516864E+02,3.279172E-02,3.070711E-02,2.650630E+05,2.250006E+05,8.963420E+00,1.964616E+01,1.766938E+04,1.528835E+04,5.974894E-01,1.334877E+00,1.763302E+04,7.525598E+03,5.962600E-01,6.570910E-01,2.695107E+04,1.054572E+04,9.113493E-01,9.207918E-01,9.697634E+02,6.466541E+02,3.279171E-02,5.646178E-02,9.685853E+02,3.284987E+02,3.275188E-02,2.868253E-02
19:20:00,2.700598E+04,1.095337E+04,9.132060E-01,9.563819E-01,9.709130E+02,5.747242E+02,3.283059E-02,5.018111E-02,9.697358E+02,3.313157E+02,3.279078E-02,2.892843E-02,2.650577E+05,2.215525E+05,8.963240E+00,1.934508E+01,1.766892E+04,1.279191E+04,5.974739E-01,1.116899E+00,1.763257E+04,7.190149E+03,5.962448E-01,6.278007E-01,2.695038E+04,9.812746E+03,9.113261E-01,8.567896E-01,9.697356E+02,5.473367E+02,3.279077E-02,4.778980E-02,9.685578E+02,3.040032E+02,3.275095E-02,2.654365E-02
19:30:00,2.700530E+04,1.049915E+04,9.131833E-01,9.167208E-01,9.708857E+02,4.945458E+02,3.282966E-02,4.318032E-02,9.697088E+02,3.130932E+02,3.278987E-02,2.733731E-02,2.650528E+05,2.184766E+05,8.963074E+00,1.907650E+01,1.766848E+04,1.076093E+04,5.974590E-01,9.395639E-01,1.763214E+04,6.890797E+03,5.962301E-01,6.016624E-01,2.694972E+04,9.129715E+03,9.113038E-01,7.971487E-01,9.697086E+02,4.622244E+02,3.278986E-02,4.035818E-02,9.685310E+02,2.812097E+02,3.275004E-02,2.455339E-02
19:40:00,2.700466E+04,1.009749E+04,9.131615E-01,8.816494E-01,9.708592E+02,4.329898E+02,3.282877E-02,3.780558E-02,9.696826E+02,2.969014E+02,3.278898E-02,2.592352E-02,2.650482E+05,2.157193E+05,8.962921E+00,1.883575E+01,1.766806E+04,9.314895E+03,5.974447E-01,8.133045E-01,1.763172E+04,6.625414E+03,5.962160E-01,5.784902E-01,2.694908E+04,8.550129E+03,9.112823E-01,7.465406E-01,9.696824E+02,3.966472E+02,3.278897E-02,3.463232E-02,9.685050E+02,2.612111E+02,3.274916E-02,2.280718E-02
19:50:00,2.700403E+04,9.748919E+03,9.131404E-01,8.512143E-01,9.708334E+02,3.891233E+02,3.282789E-02,3.397544E-02,9.696570E+02,2.828146E+02,3.278811E-02,2.469353E-02,2.650441E+05,2.132268E+05,8.962780E+00,1.861812E+01,1.766765E+04,8.402686E+03,5.974309E-01,7.336567E-01,1.763132E+04,6.394467E+03,5.962024E-01,5.583250E-01,2.694847E+04,8.102846E+03,9.112615E-01,7.074851E-01,9.696568E+02,3.503679E+02,3.278811E-02,3.059148E-02,9.684797E+02,2.447403E+02,3.274831E-02,2.136901E-02
20:00:00,2.700343E+04,9.452710E+03,9.131200E-01,8.253509E-01,9.708082E+02,3.569584E+02,3.282704E-02,3.116704E-02,9.696320E+02,2.708248E+02,3.278727E-02,2.364664E-02,2.650402E+05,2.110007E+05,8.962649E+00,1.842375E+01,1.766725E+04,7.792866E+03,5.974175E-01,6.804127E-01,1.763093E+04,6.197604E+03,5.961893E-01,5.411359E-01,2.694788E+04,7.766885E+03,9.112415E-01,6.781505E-01,9.696318E+02,3.169983E+02,3.278726E-02,2.767789E-02,9.684549E+02,2.314715E+02,3.274747E-02,2.021045E-02
20:10:00,2.700285E+04,9.191090E+03,9.131002E-01,8.025079E-01,9.707836E+02,3.315298E+02,3.282621E-02,2.894682E-02,9.696077E+02,2.601295E+02,3.278645E-02,2.271278E-02,2.650366E+05,2.090171E+05,8.962528E+00,1.825054E+01,1.766687E+04,7.343198E+03,5.974045E-01,6.411521E-01,1.763055E+04,6.023294E+03,5.961765E-01,5.259161E-01,2.694731E+04,7.485698E+03,9.112221E-01,6.535989E-01,9.696075E+02,2.907869E+02,3.278644E-02,2.538932E-02,9.684308E+02,2.199373E+02,3.274665E-02,1.920335E-02
20:20:00,2.700228E+04,8.956648E+03,9.130811E-01,7.820379E-01,9.707596E+02,3.107156E+02,3.282540E-02,2.712948E-02,9.695838E+02,2.504792E+02,3.278564E-02,2.187017E-02,2.650333E+05,2.072296E+05,8.962416E+00,1.809447E+01,1.766650E+04,6.989287E+03,5.973920E-01,6.102524E-01,1.763019E+04,5.866773E+03,5.961642E-01,5.122497E-01,2.694675E+04,7.243264E+03,9.112033E-01,6.324312E-01,9.695837E+02,2.694159E+02,3.278564E-02,2.352337E-02,9.684073E+02,2.097255E+02,3.274586E-02,1.831171E-02
20:30:00,2.700173E+04,8.744519E+03,9.130626E-01,7.635162E-01,9.707360E+02,2.933179E+02,3.282460E-02,2.561045E-02,9.695606E+02,2.417003E+02,3.278485E-02,2.110364E-02,2.650302E+05,2.055652E+05,8.962312E+00,1.794913E+01,1.766614E+04,6.704174E+03,5.973798E-01,5.853594E-01,1.762984E+04,5.724926E+03,5.961523E-01,4.998645E-01,2.694621E+04,7.031070E+03,9.111851E-01,6.139039E-01,9.695604E+02,2.516395E+02,3.278485E-02,2.197127E-02,9.683842E+02,2.005928E+02,3.274508E-02,1.751430E-02
20:40:00,2.700120E+04,8.550989E+03,9.130446E-01,7.466185E-01,9.707130E+02,2.785794E+02,3.282382E-02,2.432360E-02,9.695378E+02,2.336517E+02,3.278408E-02,2.040089E-02,2.650274E+05,2.040670E+05,8.962217E+00,1.781831E+01,1.766579E+04,6.469921E+03,5.973680E-01,5.649070E-01,1.762949E+04,5.595373E+03,5.961407E-01,4.885528E-01,2.694569E+04,6.843203E+03,9.111675E-01,5.975008E-01,9.695376E+02,2.367082E+02,3.278408E-02,2.066758E-02,9.683616E+02,1.923525E+02,3.274431E-02,1.679481E-02
20:50:00,2.700069E+04,8.373163E+03,9.130271E-01,7.310920E-01,9.706905E+02,2.659567E+02,3.282306E-02,2.322147E-02,9.695155E+02,2.262212E+02,3.278333E-02,1.975210E-02,2.650248E+05,2.027632E+05,8.962128E+00,1.770447E+01,1.766545E+04,6.273998E+03,5.973565E-01,5.478012E-01,1.762916E+04,5.476253E+03,5.961294E-01,4.781521E-01,2.694518E+04,6.675370E+03,9.111503E-01,5.828469E-01,9.695153E+02,2.240245E+02,3.278332E-02,1.956014E-02,9.683395E+02,1.848591E+02,3.274357E-02,1.614053E-02
21:00:00,2.700018E+04,8.208697E+03,9.130101E-01,7.167320E-01,9.706684E+02,2.550208E+02,3.282231E-02,2.226664E-02,9.694936E+02,2.193178E+02,3.278259E-02,1.914934E-02,2.650224E+05,2.016154E+05,8.962046E+00,1.760425E+01,1.766512E+04,6.107310E+03,5.973454E-01,5.332479E-01,1.762884E+04,5.366055E+03,5.961185E-01,4.685303E-01,2.694469E+04,6.524336E+03,9.111336E-01,5.696599E-01,9.694934E+02,2.131260E+02,3.278258E-02,1.860856E-02,9.683179E+02,1.779961E+02,3.274283E-02,1.554130E-02
21:10:00,2.699969E+04,8.053469E+03,9.129935E-01,7.031785E-01,9.706467E+02,2.453474E+02,3.282158E-02,2.142203E-02,9.694721E+02,2.127794E+02,3.278186E-02,1.857844E-02,2.650201E+05,2.005913E+05,8.961970E+00,1.751483E+01,1.766480E+04,5.961723E+03,5.973345E-01,5.205370E-01,1.762852E+04,5.262095E+03,5.961078E-01,4.594532E-01,2.694421E+04,6.385661E+03,9.111173E-01,5.575519E-01,9.694719E+02,2.035660E+02,3.278186E-02,1.777386E-02,9.682966E+02,1.715812E+02,3.274212E-02,1.498120E-02
21:20:00,2.699921E+04,7.905584E+03,9.129773E-01,6.902662E-01,9.706254E+02,2.366565E+02,3.282086E-02,2.066320E-02,9.694510E+02,2.065336E+02,3.278115E-02,1.803309E-02,2.650180E+05,1.996598E+05,8.961900E+00,1.743350E+01,1.766448E+04,5.831929E+03,5.973239E-01,5.092049E-01,1.762821E+04,5.163136E+03,5.960974E-01,4.508128E-01,2.694374E+04,6.254747E+03,9.111015E-01,5.461216E-01,9.694509E+02,1.950494E+02,3.278114E-02,1.703025E-02,9.682758E+02,1.655272E+02,3.274141E-02,1.445259E-02
21:30:00,2.699875E+04,7.763634E+03,9.129616E-01,6.778721E-01,9.706045E+02,2.287364E+02,3.282015E-02,1.997167E-02,9.694303E+02,2.005255E+02,3.278045E-02,1.750850E-02,2.650161E+05,1.987995E+05,8.961835E+00,1.735839E+01,1.766418E+04,5.714089E+03,5.973135E-01,4.989164E-01,1.762791E+04,5.068257E+03,5.960872E-01,4.425285E-01,2.694328E+04,6.129663E+03,9.110860E-01,5.352003E-01,9.694302E+02,1.873534E+02,3.278044E-02,1.635829E-02,9.682553E+02,1.597674E+02,3.274072E-02,1.394969E-02
21:40:00,2.699829E+04,7.626520E+03,9.129461E-01,6.659002E-01,9.705840E+02,2.214233E+02,3.281946E-02,1.933314E-02,9.694100E+02,1.947119E+02,3.277976E-02,1.700089E-02,2.650143E+05,1.979953E+05,8.961774E+00,1.728818E+01,1.766388E+04,5.605339E+03,5.973034E-01,4.894215E-01,1.762762E+04,4.976732E+03,5.960773E-01,4.345372E-01,2.694283E+04,6.008746E+03,9.110709E-01,5.246426E-01,9.694098E+02,1.803058E+02,3.277976E-02,1.574294E-02,9.682351E+02,1.542497E+02,3.274004E-02,1.346791E-02
21:50:00,2.699784E+04,7.493334E+03,9.129311E-01,6.542712E-01,9.705637E+02,2.145877E+02,3.281878E-02,1.873630E-02,9.693900E+02,1.890574E+02,3.277909E-02,1.650717E-02,2.650127E+05,1.972353E+05,8.961718E+00,1.722182E+01,1.766359E+04,5.503477E+03,5.972935E-01,4.805279E-01,1.762733E+04,4.887962E+03,5.960676E-01,4.267863E-01,2.694240E+04,5.890682E+03,9.110561E-01,5.143339E-01,9.693898E+02,1.737704E+02,3.277908E-02,1.517232E-02,9.682153E+02,1.489314E+02,3.273937E-02,1.300355E-02
22:00:00,2.699741E+04,7.363349E+03,9.129163E-01,6.429217E-01,9.705439E+02,2.081273E+02,3.281810E-02,1.817222E-02,9.693703E+02,1.835332E+02,3.277842E-02,1.602482E-02,2.650111E+05,1.965102E+05,8.961666E+00,1.715852E+01,1.766330E+04,5.406821E+03,5.972838E-01,4.720889E-01,1.762705E+04,4.801460E+03,5.960581E-01,4.192335E-01,2.694197E+04,5.774314E+03,9.110416E-01,5.041734E-01,9.693701E+02,1.676403E+02,3.277841E-02,1.463708E-02,9.681958E+02,1.437783E+02,3.273871E-02,1.255361E-02
22:10:00,2.249766E+04,6.081934E+03,7.607574E-01,5.310365E-01,8.087782E+02,1.707481E+02,2.734814E-02,1.490853E-02,8.078003E+02,1.506412E+02,2.731507E-02,1.315292E-02,2.208420E+05,1.634563E+05,7.468033E+00,1.427238E+01,1.471930E+04,4.465472E+03,4.977325E-01,3.898965E-01,1.468909E+04,3.965146E+03,4.967111E-01,3.462117E-01,2.245146E+04,4.762613E+03,7.591953E-01,4.158385E-01,8.078002E+02,1.371457E+02,2.731507E-02,1.197452E-02,8.068217E+02,1.176657E+02,2.728198E-02,1.027365E-02
22:20:00,1.799798E+04,4.822839E+03,6.086011E-01,4.211002E-01,6.470160E+02,1.345193E+02,2.187829E-02,1.174528E-02,6.462338E+02,1.186968E+02,2.185184E-02,1.036376E-02,1.766731E+05,1.305302E+05,5.974410E+00,1.139740E+01,1.177534E+04,3.541202E+03,3.981828E-01,3.091953E-01,1.175118E+04,3.143720E+03,3.973658E-01,2.744899E-01,1.796103E+04,3.771244E+03,6.073515E-01,3.292789E-01,6.462336E+02,1.077529E+02,2.185183E-02,9.408162E-03,6.454509E+02,9.244639E+01,2.182537E-02,8.071698E-03
22:30:00,1.349838E+04,3.585510E+03,4.564472E-01,3.130643E-01,4.852571E+02,9.937584E+01,1.640855E-02,8.676800E-03,4.846705E+02,8.767745E+01,1.638871E-02,7.655366E-03,1.325045E+05,9.772578E+04,4.480796E+00,8.533047E+00,8.831438E+03,2.633115E+03,2.986347E-01,2.299069E-01,8.813318E+03,2.336789E+03,2.980220E-01,2.040338E-01,1.347067E+04,2.799638E+03,4.555101E-01,2.444449E-01,4.846704E+02,7.939195E+01,1.638871E-02,6.931900E-03,4.840834E+02,6.809204E+01,1.636886E-02,5.945264E-03
22:40:00,8.998851E+03,2.369497E+03,3.042958E-01,2.068896E-01,3.235015E+02,6.526675E+01,1.093893E-02,5.698633E-03,3.231105E+02,5.756456E+01,1.092570E-02,5.026122E-03,8.833609E+04,6.503840E+04,2.987190E+00,5.678909E+00,5.887579E+03,1.740536E+03,1.990883E-01,1.519726E-01,5.875500E+03,1.544031E+03,1.986798E-01,1.348151E-01,8.980376E+03,1.847455E+03,3.036711E-01,1.613069E-01,3.231104E+02,5.200735E+01,1.092570E-02,4.540884E-03,3.227191E+02,4.457894E+01,1.091247E-02,3.892283E-03
22:50:00,4.499391E+03,1.174429E+03,1.521467E-01,1.025438E-01,1.727264E+02,3.215194E+01,5.783548E-03,2.807280E-03,1.722335E+02,2.834293E+01,5.768469E-03,2.474699E-03,4.416794E+04,3.246418E+04,1.493591E+00,2.834651E+00,2.943767E+03,8.629569E+02,9.954337E-02,7.534795E-02,2.937728E+03,7.651768E+02,9.933916E-02,6.681043E-02,4.490154E+03,9.143363E+02,1.518344E-01,7.983344E-02,1.722335E+02,2.555502E+01,5.768467E-03,2.231268E-03,1.717401E+02,2.188722E+01,5.753370E-03,1.911019E-03
23:00:00,0.000000E+00,0.000000E+00,0.000000E+00,0.000000E+00,4.340345E+01,0.000000E+00,1.240606E-03,0.000000E+00,4.305700E+01,0.000000E+00,1.230788E-03,0.000000E+00,0.000000E+00,0.000000E+00,0.000000E+00,0.000000E+00,0.000000E+00,0.000000E+00,0.000000E+00,0.000000E+00,0.000000E+00,0.000000E+00,0.000000E+00,0.000000E+00,0.000000E+00,0.000000E+00,0.000000E+00,0.000000E+00,4.305694E+01,0.000000E+00,1.230786E-03,0.000000E+00,4.271009E+01,0.000000E+00,1.220955E-03,0.000000E+00
23:10:00,0.000000E+00,0.000000E+00,0.000000E+00,0.000000E+00,8.284901E+01,0.000000E+00,2.365108E-03,0.000000E+00,8.236114E+01,0.000000E+00,2.351258E-03,0.000000E+00,0.000000E+00,0.000000E+00,0.000000E+00,0.000000E+00,0.000000E+00,0.000000E+00,0.000000E+00,0.000000E+00,0.000000E+00,0.000000E+00,0.000000E+00,0.000000E+00,0.000000E+00,0.000000E+00,0.000000E+00,0.000000E+00,8.236105E+01,0.000000E+00,2.351256E-03,0.000000E+00,8.187257E+01,0.000000E+00,2.337387E-03,0.000000E+00
23:20:00,0.000000E+00,0.000000E+00,0.000000E+00,0.000000E+00,1.284533E+02,0.000000E+00,3.665167E-03,0.000000E+00,1.278075E+02,0.000000E+00,3.646814E-03,0.000000E+00,0.000000E+00,0.000000E+00,0.000000E+00,0.000000E+00,0.000000E+00,0.000000E+00,0.000000E+00,0.000000E+00,0.000000E+00,0.000000E+00,0.000000E+00,0.000000E+00,0.000000E+00,0.000000E+00,0.000000E+00,0.000000E+00,1.278074E+02,0.000000E+00,3.646811E-03,0.000000E+00,1.271607E+02,0.000000E+00,3.628433E-03,0.000000E+00
23:30:00,5.209148E+02,0.000000E+00,1.494999E-02,0.000000E+00,1.809922E+02,0.000000E+00,5.162895E-03,0.000000E+00,1.802290E+02,0.000000E+00,5.141197E-03,0.000000E+00,0.000000E+00,0.000000E+00,0.000000E+00,0.000000E+00,3.253694E+02,0.000000E+00,9.339613E-03,0.000000E+00,3.082172E+02,0.000000E+00,8.849228E-03,0.000000E+00,4.946214E+02,0.000000E+00,1.419854E-02,0.000000E+00,1.802288E+02,0.000000E+00,5.141193E-03,0.000000E+00,1.794646E+02,0.000000E+00,5.119463E-03,0.000000E+00
23:40:00,1.627341E+03,0.000000E+00,4.649256E-02,0.000000E+00,2.369636E+02,0.000000E+00,6.758470E-03,0.000000E+00,2.361110E+02,0.000000E+00,6.734222E-03,0.000000E+00,0.000000E+00,0.000000E+00,0.000000E+00,0.000000E+00,1.050274E+03,0.000000E+00,3.000556E-02,0.000000E+00,1.035996E+03,0.000000E+00,2.959712E-02,0.000000E+00,1.605468E+03,0.000000E+00,4.586712E-02,0.000000E+00,2.361113E+02,0.000000E+00,6.734230E-03,0.000000E+00,2.352561E+02,0.000000E+00,6.709907E-03,0.000000E+00
23:50:00,2.528566E+03,0.000000E+00,7.218421E-02,0.000000E+00,2.856576E+02,0.000000E+00,8.145367E-03,0.000000E+00,2.849865E+02,0.000000E+00,8.126283E-03,0.000000E+00,0.000000E+00,0.000000E+00,0.000000E+00,0.000000E+00,1.633771E+03,0.000000E+00,4.663958E-02,0.000000E+00,1.612779E+03,0.000000E+00,4.603972E-02,0.000000E+00,2.496414E+03,0.000000E+00,7.126576E-02,0.000000E+00,2.849867E+02,0.000000E+00,8.126290E-03,0.000000E+00,2.843134E+02,0.000000E+00,8.107144E-03,0.000000E+00
24:00:00,3.637971E+03,0.000000E+00,1.038106E-01,0.000000E+00,3.162682E+02,0.000000E+00,9.015870E-03,0.000000E+00,3.155339E+02,0.000000E+00,8.994938E-03,0.000000E+00,0.000000E+00,0.000000E+00,0.000000E+00,0.000000E+00,2.355830E+03,0.000000E+00,6.722372E-02,0.000000E+00,2.330786E+03,0.000000E+00,6.650836E-02,0.000000E+00,3.599629E+03,0.000000E+00,1.027157E-01,0.000000E+00,3.155341E+02,0.000000E+00,8.994943E-03,0.000000E+00,3.147976E+02,0.000000E+00,8.973949E-03,0.000000E+00
Peak,3.345487E+04,4.093521E+04,1.068255E+00,3.574304E+00,1.188848E+03,1.672752E+03,4.002251E-02,1.460575E-01,1.187760E+03,1.463710E+03,3.998580E-02,1.278048E-01,4.089290E+05,3.213004E+05,1.286100E+01,2.805544E+01,2.192759E+04,3.839384E+04,7.001916E-01,3.352395E+00,2.189825E+04,3.326416E+04,6.992483E-01,2.904525E+00,3.340996E+04,1.993631E+04,1.066811E+00,1.740767E+00,1.187760E+03,1.453731E+03,3.998579E-02,1.269337E-01,1.186672E+03,1.210066E+03,3.994905E-02,1.056580E-01

Peak Vol Flow (m3/s),,,8.872378E-01,2.968634E+00,,,3.324065E-02,1.213079E-01,,,3.321016E-02,1.061482E-01,,,1.068169E+01,2.330141E+01,,,5.815433E-01,2.784327E+00,,,5.807599E-01,2.412349E+00,,,8.860387E-01,1.445792E+00,,,3.321015E-02,1.054246E-01,,,3.317964E-02,8.775415E-02
