,Fox_religion_Maurice,Fox_religion_Maurice,Fox_religion_Maurice,Fox_religion_Maurice,Fox_religion_Maurice,Fox_religion_Maurice,Fox_religion_Maurice,Fox_religion_Maurice,Fox_religion_Maurice,Fox_religion_Maurice,Fox_religion_Maurice,Fox_religion_Maurice,Fox_religion_Maurice,Fox_religion_Maurice,Fox_religion_Maurice,Fox_religion_Maurice,Fox_religion_Maurice,Fox_religion_Maurice,Fox_religion_Maurice,Fox_religion_Maurice,Fox_religion_Maurice,Fox_religion_Maurice,Fox_religion_Maurice,Fox_religion_Maurice,Fox_religion_Maurice,Fox_religion_Maurice,Fox_religion_Maurice,Fox_religion_Maurice,Fox_religion_Maurice,Fox_religion_Maurice,Fox_religion_Maurice,Fox_religion_Maurice,Fox_religion_Maurice,Fox_religion_Maurice,Fox_religion_Maurice,Fox_religion_Maurice,Fox_religion_Maurice,Fox_religion_Maurice,Fox_religion_Maurice,Fox_religion_Maurice,Fox_religion_Maurice,Fox_religion_Maurice,Fox_religion_Maurice,Fox_religion_Maurice,Fox_religion_Maurice,Fox_religion_Maurice,Fox_religion_Maurice,Fox_religion_Maurice,Fox_religion_Maurice,Fox_religion_Maurice,Fox_religion_Maurice,Fox_religion_Maurice,Fox_religion_Maurice,Fox_religion_Maurice,Fox_religion_Maurice,Fox_religion_Maurice,Fox_religion_Maurice,Fox_religion_Maurice,Fox_religion_Maurice,Fox_religion_Maurice,Fox_religion_Maurice,Fox_religion_Maurice,Fox_religion_Maurice,Fox_religion_Maurice,Fox_religion_Maurice,Fox_religion_Maurice,Fox_religion_Maurice,Fox_religion_Maurice,Fox_religion_Maurice,Fox_religion_Maurice,Fox_religion_Maurice,Fox_religion_Maurice,Fox_religion_Maurice,Fox_religion_Maurice,Fox_religion_Maurice,Fox_religion_Maurice,Fox_religion_Maurice,Fox_religion_Maurice,Fox_religion_Maurice,Fox_religion_Maurice,Fox_religion_Maurice,Fox_religion_Maurice,Fox_religion_Maurice,Fox_religion_Maurice,Fox_religion_Maurice,Fox_religion_Maurice,Fox_religion_Maurice,Fox_religion_Maurice,Fox_religion_Maurice,Fox_religion_Maurice,Fox_religion_Maurice,Fox_religion_Maurice,Fox_religion_Maurice,Fox_religion_Maurice,Fox_religion_Maurice,Fox_religion_Maurice,Fox_religion_Maurice,Fox_religion_Maurice,Fox_religion_Maurice,Fox_religion_Maurice,Fox_religion_Maurice,Fox_religion_Maurice,Fox_religion_Maurice,Fox_religion_Maurice,Rat_religion_Kathy,Rat_religion_Kathy,Rat_religion_Kathy,Rat_religion_Kathy,Rat_religion_Kathy,Rat_religion_Kathy,Rat_religion_Kathy,Rat_religion_Kathy,Rat_religion_Kathy,Rat_religion_Kathy,Rat_religion_Kathy,Rat_religion_Kathy,Rat_religion_Kathy,Rat_religion_Kathy,Rat_religion_Kathy,Rat_religion_Kathy,Rat_religion_Kathy,Rat_religion_Kathy,Rat_religion_Kathy,Rat_religion_Kathy,Rat_religion_Kathy,Rat_religion_Kathy,Rat_religion_Kathy,Rat_religion_Kathy,Rat_religion_Kathy,Rat_religion_Kathy,Rat_religion_Kathy,Rat_religion_Kathy,Rat_religion_Kathy,Rat_religion_Kathy,Rat_religion_Kathy,Rat_religion_Kathy,Rat_religion_Kathy,Rat_religion_Kathy,Rat_religion_Kathy,Rat_religion_Kathy,Rat_religion_Kathy,Rat_religion_Kathy,Rat_religion_Kathy,Rat_religion_Kathy,Rat_religion_Kathy,Rat_religion_Kathy,Rat_religion_Kathy,Rat_religion_Kathy,Rat_religion_Kathy,Rat_religion_Kathy,Rat_religion_Kathy,Rat_religion_Kathy,Rat_religion_Kathy,Rat_religion_Kathy,Rat_religion_Kathy,Rat_religion_Kathy,Rat_religion_Kathy,Rat_religion_Kathy,Rat_religion_Kathy,Rat_religion_Kathy,Rat_religion_Kathy,Rat_religion_Kathy,Rat_religion_Kathy,Rat_religion_Kathy,Rat_religion_Kathy,Rat_religion_Kathy,Rat_religion_Kathy,Rat_religion_Kathy,Rat_religion_Kathy,Rat_religion_Kathy,Rat_religion_Kathy,Rat_religion_Kathy,Rat_religion_Kathy,Rat_religion_Kathy,Rat_religion_Kathy,Rat_religion_Kathy,Rat_religion_Kathy,Rat_religion_Kathy,Rat_religion_Kathy,Rat_religion_Kathy,Rat_religion_Kathy,Rat_religion_Kathy,Rat_religion_Kathy,Rat_religion_Kathy,Rat_religion_Kathy,Rat_religion_Kathy,Rat_religion_Kathy,Rat_religion_Kathy,Rat_religion_Kathy,Rat_religion_Kathy,Rat_religion_Kathy,Rat_religion_Kathy,Rat_religion_Kathy,Rat_religion_Kathy,Rat_religion_Kathy,Rat_religion_Kathy,Rat_religion_Kathy,Rat_religion_Kathy,Rat_religion_Kathy,Rat_religion_Kathy,Rat_religion_Kathy,Rat_religion_Kathy,Rat_religion_Kathy,Rat_religion_Kathy,Rat_religion_Kathy,Cockatoo_religion_Diedre,Cockatoo_religion_Diedre,Cockatoo_religion_Diedre,Cockatoo_religion_Diedre,Cockatoo_religion_Diedre,Cockatoo_religion_Diedre,Cockatoo_religion_Diedre,Cockatoo_religion_Diedre,Cockatoo_religion_Diedre,Cockatoo_religion_Diedre,Cockatoo_religion_Diedre,Cockatoo_religion_Diedre,Cockatoo_religion_Diedre,Cockatoo_religion_Diedre,Cockatoo_religion_Diedre,Cockatoo_religion_Diedre,Cockatoo_religion_Diedre,Cockatoo_religion_Diedre,Cockatoo_religion_Diedre,Cockatoo_religion_Diedre,Cockatoo_religion_Diedre,Cockatoo_religion_Diedre,Cockatoo_religion_Diedre,Cockatoo_religion_Diedre,Cockatoo_religion_Diedre,Cockatoo_religion_Diedre,Cockatoo_religion_Diedre,Cockatoo_religion_Diedre,Cockatoo_religion_Diedre,Cockatoo_religion_Diedre,Cockatoo_religion_Diedre,Cockatoo_religion_Diedre,Cockatoo_religion_Diedre,Cockatoo_religion_Diedre,Cockatoo_religion_Diedre,Cockatoo_religion_Diedre,Cockatoo_religion_Diedre,Cockatoo_religion_Diedre,Cockatoo_religion_Diedre,Cockatoo_religion_Diedre,Cockatoo_religion_Diedre,Cockatoo_religion_Diedre,Cockatoo_religion_Diedre,Cockatoo_religion_Diedre,Cockatoo_religion_Diedre,Cockatoo_religion_Diedre,Cockatoo_religion_Diedre,Cockatoo_religion_Diedre,Cockatoo_religion_Diedre,Cockatoo_religion_Diedre,Cockatoo_religion_Diedre,Cockatoo_religion_Diedre,Cockatoo_religion_Diedre,Cockatoo_religion_Diedre,Cockatoo_religion_Diedre,Cockatoo_religion_Diedre,Cockatoo_religion_Diedre,Cockatoo_religion_Diedre,Cockatoo_religion_Diedre,Cockatoo_religion_Diedre,Cockatoo_religion_Diedre,Cockatoo_religion_Diedre,Cockatoo_religion_Diedre,Cockatoo_religion_Diedre,Cockatoo_religion_Diedre,Cockatoo_religion_Diedre,Cockatoo_religion_Diedre,Cockatoo_religion_Diedre,Cockatoo_religion_Diedre,Cockatoo_religion_Diedre,Cockatoo_religion_Diedre,Cockatoo_religion_Diedre,Cockatoo_religion_Diedre,Cockatoo_religion_Diedre,Cockatoo_religion_Diedre,Cockatoo_religion_Diedre,Cockatoo_religion_Diedre,Cockatoo_religion_Diedre,Cockatoo_religion_Diedre,Cockatoo_religion_Diedre,Cockatoo_religion_Diedre,Cockatoo_religion_Diedre,Cockatoo_religion_Diedre,Cockatoo_religion_Diedre,Cockatoo_religion_Diedre,Cockatoo_religion_Diedre,Cockatoo_religion_Diedre,Cockatoo_religion_Diedre,Cockatoo_religion_Diedre,Cockatoo_religion_Diedre,Cockatoo_religion_Diedre,Cockatoo_religion_Diedre,Cockatoo_religion_Diedre
00:00:00,1.8,3.54,2.28,0.93,1.04,0.67,0.52,0.44,0.0,0.0,0.13,0.0,0.65,0.11,0.29,0.62,1.6,0.22,0.58,1.84,0.89,1.48,1.68,1.94,2.36,3.13,0.0,3.3,2.55,3.0,1.19,3.14,2.2,1.86,1.76,2.39,1.59,1.16,0.91,1.25,1.23,0.6,1.18,0.99,0.63,0.88,0.0,2.35,2.32,1.69,1.3,2.23,1.24,4.12,1.43,2.36,2.05,0.91,0.29,1.36,1.39,1.14,0.0,1.07,0.25,2.73,0.51,1.03,0.98,0.79,0.69,0.65,1.97,2.01,1.78,2.38,3.42,2.85,4.02,2.61,2.57,2.5,0.5,3.85,4.09,4.66,4.17,3.26,2.89,1.46,0.96,0.33,0.54,0.55,2.89,0.94,1.26,1.63,0.54,2.24,2.04,1.08,2.27,0.4,3.24,4.04,2.56,4.72,7.04,4.08,6.84,3.6,2.12,2.96,4.72,2.64,5.12,3.8,4.12,3.76,2.68,3.16,3.04,4.0,3.16,5.72,9.96,4.8,6.28,4.64,6.8,6.52,6.68,7.08,7.72,6.76,6.28,6.64,4.96,7.52,6.12,4.44,3.16,3.84,4.92,3.68,5.76,4.0,4.04,4.0,3.16,5.24,4.64,4.2,1.8,9.68,5.28,4.28,2.68,2.72,2.4,2.84,3.24,5.44,2.32,2.2,1.84,2.0,3.6,3.64,4.48,3.84,2.76,2.52,2.6,2.32,4.52,3.68,3.2,2.48,5.4,5.6,6.2,3.16,4.68,5.76,6.28,3.96,3.88,3.4,3.8,5.48,2.8,4.92,3.68,3.64,3.76,4.56,2.4,2.88,4.2,2.72,3.24,1.48,3.36,3.7,3.6,3.4,3.5,13.575,3.15,3.275,3.6,2.5,3.3,2.7,3.3,3.6,2.7,2.9,2.75,2.9,10.9,3.125,3.725,2.825,2.925,2.9,2.95,3.05,3.6,3.1,3.3,3.175,3.2,2.8,2.275,4.65,3.175,3.15,3.125,3.075,3.0,3.075,3.425,2.85,2.175,2.425,2.425,2.25,2.4,2.2,2.25,2.25,2.075,2.1,2.075,2.15,2.375,2.075,2.25,3.15,2.4,2.875,2.65,2.625,2.6,2.875,9.025,2.625,2.875,2.975,4.425,2.675,2.55,2.775,2.7,4.825,2.775,2.7,2.475,2.875,2.75,2.45,2.75,4.95,6.7,3.025,3.8,2.625,3.075,4.275,4.9,8.0,2.9,4.65,4.25,2.4
01:00:00,1.4,3.54,2.63,0.67,0.71,0.75,0.0,0.44,0.0,0.0,0.13,0.0,0.65,0.11,0.29,0.62,1.7,0.22,0.58,1.76,0.55,1.42,1.67,1.42,2.18,2.66,0.0,2.99,2.31,3.29,1.69,3.02,2.51,1.66,1.68,2.16,2.14,0.99,0.55,1.51,1.38,0.44,1.14,1.25,0.63,0.88,0.0,1.74,2.71,1.56,1.87,2.26,1.54,4.18,1.61,2.4,2.17,1.01,0.68,1.46,1.52,1.56,0.85,1.08,0.25,2.92,0.26,1.03,0.99,0.79,0.83,0.44,1.88,2.45,1.74,2.12,3.72,2.57,3.96,2.67,2.42,2.34,0.51,3.76,4.01,4.57,4.16,3.15,2.93,1.46,0.7,0.33,0.54,0.55,2.61,1.34,1.38,1.76,0.54,1.95,2.13,1.08,2.37,0.4,3.8,3.0,2.0,4.88,7.12,2.88,6.44,4.08,3.0,3.68,5.4,2.6,3.76,4.6,3.24,3.2,2.52,4.0,3.32,2.84,2.44,5.04,6.76,4.52,3.88,3.28,6.48,6.4,5.76,5.56,8.64,6.24,6.44,6.04,4.12,6.32,4.76,3.68,2.4,3.2,4.88,2.84,5.64,4.08,3.92,4.28,2.88,5.6,4.04,3.32,2.8,6.84,5.04,2.88,3.64,5.56,2.44,2.92,4.52,5.84,2.12,1.52,2.44,1.36,1.96,3.24,3.36,2.8,1.52,3.0,2.52,1.76,2.52,3.08,3.6,1.68,5.2,5.52,6.0,1.96,2.68,4.12,5.24,2.8,3.0,2.6,3.88,3.6,2.44,3.76,2.64,2.96,2.36,5.48,2.6,4.16,3.4,2.44,4.04,2.16,4.76,3.75,3.625,3.45,3.9,13.375,3.325,3.2,3.45,2.7,3.15,2.75,3.25,3.675,2.7,2.825,2.975,2.85,10.95,2.85,3.65,2.8,2.9,2.85,2.95,4.775,3.65,3.45,3.25,3.025,3.45,3.375,2.3,4.725,3.275,3.0,2.9,3.125,3.25,3.25,3.35,3.0,2.3,2.45,2.425,2.275,2.275,2.225,2.25,2.25,2.175,2.475,2.15,2.2,3.575,2.1,2.7,3.125,2.275,2.85,2.675,2.65,2.6,3.0,9.05,2.6,2.675,2.625,4.375,2.575,2.6,2.825,2.575,5.625,2.975,2.65,2.65,2.75,2.95,2.45,3.0,3.6,2.675,3.3,2.675,2.6,2.9,2.775,5.1,4.2,3.45,4.85,4.25,2.625
02:00:00,1.84,3.53,2.33,0.82,0.15,0.63,0.49,0.44,0.0,0.0,0.13,0.0,0.65,0.1,0.29,0.62,1.04,0.22,0.59,1.67,0.54,1.35,1.78,1.43,2.04,2.5,0.0,3.14,1.92,2.77,1.95,2.85,2.35,1.59,1.58,2.32,1.11,1.22,0.55,0.0,1.28,0.44,1.13,1.19,1.05,0.88,0.0,1.54,2.39,1.94,1.83,2.27,1.24,4.21,1.47,2.58,2.01,0.92,0.29,1.71,1.57,1.21,0.74,1.09,0.25,0.63,0.77,1.03,0.99,0.79,0.49,0.26,1.87,1.67,1.2,2.05,3.32,2.56,3.83,2.6,2.29,2.24,0.5,3.71,4.04,4.55,4.12,3.07,2.71,1.46,0.96,0.33,0.54,0.55,2.47,1.01,1.19,2.12,0.55,2.28,2.12,1.08,2.69,0.4,3.12,3.04,2.48,4.44,7.04,5.04,6.4,3.4,2.16,3.04,4.6,3.08,3.04,5.64,3.04,3.76,3.28,4.2,3.92,3.36,2.6,4.6,6.96,3.56,4.4,3.76,7.56,6.92,6.2,4.32,8.6,6.88,6.92,6.28,5.24,6.84,4.44,3.96,2.92,3.92,5.48,3.96,5.16,3.24,3.84,3.4,2.28,7.72,4.12,3.68,2.52,6.68,5.4,4.0,3.6,7.96,3.08,2.6,3.88,4.64,1.72,2.0,1.68,1.4,2.28,2.76,3.04,2.64,1.56,2.0,1.8,1.8,2.28,2.64,2.68,1.76,4.2,6.16,5.68,1.72,2.64,3.68,5.2,2.68,3.16,1.68,3.12,3.92,1.64,5.16,2.4,4.92,2.88,4.84,1.88,2.8,3.8,1.56,3.16,2.0,3.48,3.75,3.475,3.6,3.625,13.45,3.2,3.2,3.675,2.45,3.225,2.875,3.425,3.675,2.85,2.875,2.975,2.825,10.825,2.875,3.675,2.825,2.9,2.85,2.95,6.35,4.1,3.2,3.225,3.05,3.525,2.825,2.35,4.675,3.0,2.975,2.95,3.125,3.25,3.1,3.425,2.95,2.2,2.425,2.6,2.25,2.4,3.175,2.675,2.375,2.45,2.125,2.125,2.125,7.175,2.95,2.25,3.325,2.25,2.675,2.7,2.625,2.85,2.875,9.425,2.45,2.725,2.625,4.675,2.575,2.6,2.9,2.75,4.6,3.05,2.75,2.625,2.75,2.725,2.45,2.75,2.475,2.625,2.975,2.85,2.85,2.9,2.6,5.425,2.525,2.55,4.55,4.45,2.725
03:00:00,1.49,3.52,2.66,1.05,0.08,0.48,1.13,0.44,0.0,0.0,0.13,0.0,0.65,0.11,0.29,0.63,1.06,0.22,0.59,1.6,0.48,1.01,1.39,1.36,1.92,2.5,0.0,1.34,1.92,2.51,1.48,2.58,1.71,1.77,1.5,1.87,1.66,0.91,0.55,1.49,0.84,0.44,1.09,0.95,0.63,0.88,0.0,1.52,2.6,1.73,2.01,2.4,1.24,4.23,1.7,2.62,1.97,1.04,0.69,1.52,1.43,1.49,1.09,1.06,0.26,0.1,1.03,1.04,0.99,0.79,0.51,0.0,1.74,2.12,1.58,1.83,3.39,2.52,3.85,2.4,2.22,2.09,0.51,3.74,3.92,4.57,4.09,3.05,2.51,1.46,0.69,0.33,0.55,0.55,2.47,1.17,1.13,1.84,0.55,2.1,2.12,0.81,2.64,0.4,3.12,2.36,2.44,5.28,7.6,3.84,7.0,3.2,3.36,3.64,4.48,3.52,3.68,5.08,4.8,3.2,2.52,3.36,3.16,2.44,3.28,5.8,6.56,3.32,4.76,3.8,6.56,5.68,5.56,4.16,7.56,6.88,5.92,6.36,4.8,6.24,5.04,3.28,2.36,3.28,4.72,5.6,7.0,3.84,3.2,3.04,3.24,5.24,3.72,3.48,2.16,7.32,4.0,3.84,3.52,4.8,2.72,2.8,2.6,4.6,2.68,2.24,2.88,2.04,3.36,3.48,3.4,3.84,2.44,2.72,2.64,2.52,1.12,3.64,2.44,1.56,4.28,5.32,4.16,2.36,2.92,2.64,4.8,2.24,3.08,1.6,2.4,2.52,1.64,3.12,2.56,3.56,2.12,5.24,1.68,3.64,3.72,2.24,3.88,4.56,3.56,3.9,3.5,3.475,3.55,13.675,3.125,3.325,3.95,2.525,3.375,2.875,3.225,3.625,2.75,2.85,2.775,2.875,10.775,2.875,3.65,2.7,3.025,2.9,4.9,3.3,3.85,3.15,3.35,3.05,3.25,3.0,2.4,4.65,3.075,2.975,2.95,3.1,3.475,3.5,3.425,2.85,2.15,2.6,2.45,2.25,2.275,3.45,2.225,2.225,2.4,2.4,2.05,2.175,2.525,3.45,2.25,3.175,3.4,2.825,3.275,2.675,2.625,2.9,9.05,2.475,2.7,2.7,4.4,2.575,2.625,3.025,2.625,5.725,3.225,4.55,2.85,2.775,2.8,2.425,2.875,2.45,2.7,3.05,2.625,2.625,2.925,3.125,4.95,2.475,2.55,4.975,4.275,2.5
04:00:00,1.65,3.51,3.01,1.12,0.07,0.01,1.17,0.44,0.0,0.0,0.13,0.0,0.65,0.5,0.29,0.63,1.06,0.22,0.59,1.58,0.44,1.4,1.5,1.32,1.47,2.32,2.83,1.62,2.25,2.74,2.0,2.39,2.02,1.64,1.26,2.38,1.48,1.05,0.55,0.71,1.26,0.44,0.77,0.81,1.09,0.88,0.0,1.89,2.75,1.9,2.17,2.8,1.23,1.7,1.79,2.53,2.17,0.93,0.66,1.51,1.31,1.64,1.18,1.11,0.26,0.1,1.03,1.04,0.99,0.79,0.2,0.0,1.73,1.43,1.15,1.67,3.54,2.42,3.79,2.32,2.17,2.06,0.51,3.73,3.87,4.52,4.04,2.85,2.57,1.46,0.69,0.33,0.55,0.55,2.43,1.11,0.94,2.12,0.55,2.2,2.2,0.81,2.83,0.4,3.6,2.76,2.8,5.92,6.96,5.4,8.88,4.48,2.44,3.04,4.92,4.16,3.04,8.64,3.56,4.72,5.12,4.0,4.12,2.52,2.52,4.64,6.68,2.92,3.96,4.04,7.76,4.76,5.48,4.32,6.92,7.24,5.68,6.36,4.16,7.48,4.2,3.56,2.76,3.48,4.8,6.76,5.36,3.12,2.96,3.68,2.24,4.96,2.88,2.88,2.72,6.44,3.8,2.76,3.4,3.72,2.64,2.84,2.32,5.44,3.16,1.56,1.72,1.32,3.08,2.52,2.12,4.08,1.72,2.68,1.88,1.64,1.12,3.56,2.28,1.68,4.8,4.28,4.08,2.64,1.92,2.52,3.92,4.0,3.04,1.6,3.44,3.2,3.8,3.84,4.04,3.76,4.0,3.8,1.64,3.04,3.72,3.28,3.4,2.04,4.36,3.725,5.9,5.75,5.95,13.6,3.2,3.2,3.575,2.5,3.3,2.75,3.25,3.65,3.6,2.85,3.4,2.85,10.8,2.85,3.675,2.825,2.9,2.85,5.2,3.075,3.625,3.15,3.525,3.025,3.275,2.875,2.375,4.75,3.075,2.95,2.95,3.075,3.1,3.375,4.0,3.675,2.2,2.325,2.575,3.125,2.45,3.55,2.275,2.25,3.475,2.125,2.4,2.325,2.45,3.275,2.45,3.25,3.225,2.675,3.45,2.65,2.975,2.85,9.0,2.475,2.65,2.625,4.45,2.65,2.575,2.925,2.675,4.6,3.425,4.55,2.65,2.7,2.725,2.475,2.825,2.5,2.625,3.025,2.725,2.575,3.275,4.675,4.925,2.45,2.55,4.625,4.3,2.525
05:00:00,1.59,3.51,2.56,0.82,0.18,0.01,1.22,0.44,0.0,0.0,0.13,0.0,0.65,0.5,0.29,0.63,0.84,0.22,0.59,1.16,0.17,0.95,1.03,1.24,2.15,2.26,4.13,1.64,2.11,2.42,1.36,2.52,1.24,1.33,1.5,1.16,1.17,0.78,0.55,0.43,0.87,0.44,1.11,0.71,0.54,0.88,0.0,1.7,2.94,2.03,2.52,2.48,1.23,4.18,1.61,2.5,2.43,0.94,0.76,1.55,1.63,1.62,1.01,1.06,0.25,0.1,1.03,1.03,0.99,0.79,0.2,0.0,1.64,1.87,1.23,1.74,2.97,2.25,3.78,2.26,2.13,2.14,0.51,3.74,3.83,4.51,4.01,2.98,2.58,1.46,0.69,0.33,0.55,0.55,2.41,1.42,0.94,2.26,0.55,2.38,2.29,1.08,2.71,0.39,4.76,2.08,2.6,5.92,8.4,6.24,8.8,3.72,3.4,3.52,4.96,3.36,2.76,7.24,3.48,3.72,3.32,3.32,4.6,2.96,2.52,5.04,6.84,4.04,3.92,3.44,7.84,4.4,6.76,4.32,6.76,8.96,7.08,9.36,4.2,9.36,4.0,3.0,2.64,2.76,7.12,7.52,4.76,7.36,4.56,4.72,3.28,5.16,4.16,7.08,4.72,5.68,5.52,3.68,4.36,3.16,2.08,2.56,3.04,7.12,3.04,2.68,2.28,3.6,3.36,2.8,2.76,4.56,3.84,2.76,2.64,1.64,1.04,3.72,2.2,2.52,3.16,3.24,2.92,2.36,2.44,3.08,3.96,3.96,3.32,2.4,4.48,3.36,2.32,3.76,4.44,2.88,3.24,3.52,2.4,2.56,3.28,2.4,3.2,2.08,3.96,3.675,6.625,6.525,6.725,13.45,3.075,3.225,3.475,2.625,3.15,2.725,3.25,3.675,5.125,4.7,5.075,2.7,10.8,2.875,3.7,3.0,2.85,2.9,5.075,2.975,3.675,3.85,3.3,3.5,3.25,2.8,3.3,4.65,3.075,8.025,3.0,3.05,3.375,3.05,4.625,3.925,2.575,2.45,2.425,3.4,2.975,3.45,3.55,2.25,3.3,2.1,2.075,2.425,3.3,3.225,2.525,3.2,3.425,2.6,3.425,2.85,4.025,4.375,8.775,3.675,3.25,2.875,4.15,2.625,2.575,2.85,2.825,5.55,4.7,4.575,2.675,2.75,2.775,4.825,2.8,2.525,2.65,3.075,2.625,3.7,2.925,4.675,5.15,4.025,2.6,4.575,4.35,2.7
06:00:00,1.42,3.49,2.87,0.97,0.13,0.06,1.21,0.44,0.0,0.0,0.13,0.0,0.65,0.92,0.29,0.63,0.48,0.22,0.59,1.49,0.17,0.97,0.97,0.87,3.45,2.04,3.35,1.4,1.89,2.14,1.86,2.61,1.42,1.26,1.14,0.36,0.92,0.79,0.55,0.44,0.83,0.44,0.77,0.97,1.01,0.88,0.0,1.63,2.86,1.85,2.67,2.79,1.23,3.87,1.74,2.53,2.26,1.39,0.62,1.76,1.61,1.62,1.28,1.06,0.25,0.1,1.03,1.04,0.99,0.79,0.2,0.0,1.41,1.33,1.1,1.7,2.99,2.16,3.72,2.0,2.31,1.8,0.51,3.69,3.81,4.51,3.99,3.06,2.13,1.46,0.69,0.33,0.54,0.55,2.27,1.4,1.03,2.28,0.54,2.32,2.35,1.08,2.84,0.39,3.44,2.08,4.96,7.64,3.64,8.12,9.88,4.2,4.72,3.44,6.0,6.0,3.76,5.68,3.92,3.44,2.64,5.4,4.28,2.88,3.52,7.12,9.2,4.08,3.68,3.64,6.2,4.84,8.48,4.32,7.4,7.36,5.92,6.84,5.52,7.68,5.0,4.48,3.8,3.24,5.12,4.4,5.04,7.24,6.96,6.68,6.24,5.08,6.6,10.12,3.8,5.68,8.72,7.44,5.04,4.08,4.28,4.0,6.4,6.88,5.32,2.72,2.8,3.64,2.48,2.68,1.64,4.12,5.68,4.04,3.76,3.04,2.44,7.04,5.48,3.12,2.84,3.96,3.4,2.24,1.92,2.16,2.68,3.52,3.32,1.68,4.28,5.88,1.84,6.6,4.72,3.88,2.48,3.64,1.52,3.88,3.52,5.64,3.72,1.64,3.68,4.375,6.8,6.5,6.8,13.45,2.975,2.975,3.025,2.075,4.075,4.2,2.675,2.95,4.625,4.825,4.65,4.1,10.425,4.35,6.1,5.0,4.15,2.825,5.025,2.975,3.225,4.775,3.225,5.025,4.075,4.15,4.175,4.575,3.275,8.025,4.0,4.0,4.175,4.2,4.525,3.9,2.325,2.4,2.35,3.425,3.475,3.5,3.4,2.25,3.3,2.2,1.7,3.3,3.425,3.05,3.075,2.8,2.475,2.775,3.575,3.3,3.875,4.175,8.15,3.075,3.225,3.275,3.575,2.85,6.8,3.325,2.6,4.875,4.95,4.4,3.55,3.5,2.55,4.575,3.925,2.45,2.625,3.175,2.85,4.725,3.95,4.625,5.125,4.75,2.7,4.575,4.65,2.45
07:00:00,1.84,3.48,2.76,1.02,0.14,0.01,1.33,0.44,0.0,0.0,0.13,0.0,0.65,0.4,0.22,0.61,0.64,0.21,0.57,1.13,0.17,0.94,1.02,1.21,2.98,2.1,3.13,1.77,1.96,2.42,1.36,2.47,1.55,1.45,1.48,0.79,1.6,0.93,0.55,0.43,0.83,0.44,0.77,0.96,0.59,0.88,0.0,2.0,3.07,1.99,2.76,2.64,0.82,2.54,1.81,2.61,2.24,0.94,0.0,1.79,1.67,0.24,1.5,1.09,0.24,0.03,1.02,1.02,0.96,0.79,0.18,0.0,1.81,1.65,1.38,1.78,3.4,2.28,3.7,2.12,2.1,2.11,0.5,3.72,3.86,4.49,4.02,3.0,2.62,1.46,0.69,0.33,0.55,0.55,2.3,1.25,1.1,2.5,0.54,2.37,2.2,1.08,2.86,0.39,3.96,5.92,8.36,9.04,5.76,8.92,11.28,5.16,6.96,5.6,6.76,4.88,4.32,5.56,4.2,5.2,4.08,5.0,4.44,4.6,5.4,5.04,8.12,7.92,3.92,6.72,8.52,5.52,6.76,8.8,8.64,8.16,5.8,6.16,6.6,7.64,7.96,6.12,5.2,2.64,6.6,6.2,6.64,5.16,5.8,8.48,5.08,7.2,8.48,6.8,3.4,9.08,6.04,5.48,4.48,7.08,7.64,2.2,7.32,9.68,4.08,2.24,7.96,2.4,3.4,3.64,2.96,5.88,3.4,3.12,5.08,3.64,5.76,5.72,5.12,3.8,3.36,3.84,5.32,3.44,4.04,2.88,3.32,4.36,2.92,1.92,2.8,3.12,1.56,5.96,3.8,4.12,5.16,4.84,3.08,3.2,3.96,3.48,3.24,3.56,4.44,6.575,6.55,6.275,6.225,12.975,5.85,5.7,4.425,4.15,5.2,4.95,4.75,5.5,4.55,4.8,4.5,4.6,4.55,4.425,5.325,4.35,4.125,2.025,4.65,4.225,4.425,4.425,2.55,4.175,4.075,3.9,3.6,4.6,2.625,7.475,4.325,3.25,3.425,3.625,3.975,3.7,3.425,2.225,2.05,3.125,3.1,3.225,3.2,2.55,2.55,2.475,1.325,2.85,2.75,2.475,2.625,2.6,2.275,2.55,3.6,3.375,4.05,7.75,8.125,3.025,3.275,3.2,3.75,3.125,8.025,3.425,3.3,4.175,4.275,3.825,4.175,3.9,3.525,3.775,4.2,4.075,3.05,4.675,4.3,4.075,4.325,4.275,4.275,4.2,2.35,4.375,4.175,2.075
08:00:00,1.91,3.44,2.99,0.61,0.18,0.0,1.75,0.44,0.0,0.0,0.13,0.0,0.63,0.0,0.26,0.6,0.81,0.2,0.57,1.67,0.55,1.01,1.78,1.28,3.2,2.3,3.58,2.47,2.64,2.75,1.96,2.72,1.47,1.51,1.55,0.8,1.85,0.0,0.74,0.43,0.82,0.42,0.76,0.54,1.01,0.87,0.0,1.81,3.1,2.03,2.51,2.85,0.36,0.07,1.83,2.62,2.18,1.44,0.76,1.7,1.5,0.24,1.02,1.05,0.23,0.0,1.01,1.02,0.95,0.79,0.16,0.35,1.86,1.87,1.7,2.14,3.28,2.47,3.74,2.38,2.23,2.09,0.49,3.76,3.92,4.6,4.08,3.03,2.59,1.44,0.67,0.32,0.53,0.53,2.33,1.23,0.98,2.3,0.53,2.32,2.11,1.08,2.93,0.43,6.6,5.12,7.0,8.68,6.28,8.76,11.0,4.08,6.44,5.8,4.96,4.36,6.68,5.6,4.08,6.48,5.36,4.44,9.0,7.28,5.44,7.04,10.16,6.88,4.8,5.12,8.08,7.72,8.72,5.92,9.88,7.44,7.16,7.12,7.36,7.32,7.68,7.4,3.6,5.36,6.2,4.68,11.68,6.48,5.24,5.88,6.6,4.48,9.68,5.32,3.6,8.48,6.4,5.76,5.96,5.32,4.24,4.4,4.8,7.84,8.48,2.12,7.44,3.48,3.24,6.16,5.32,6.64,3.36,6.64,5.6,7.16,9.36,4.48,8.04,3.08,5.92,6.12,9.28,6.88,5.2,5.16,3.36,2.32,4.76,2.96,7.36,7.48,3.48,7.56,7.68,3.52,7.6,7.4,6.04,5.04,5.8,2.28,2.56,4.6,7.0,6.275,5.9,5.875,6.1,12.85,5.525,5.625,5.8,4.725,5.4,4.95,5.5,5.55,7.35,4.575,4.75,4.5,4.525,4.475,5.0,4.125,4.175,2.0333,4.05,4.05,6.225,4.4,2.6,4.05,4.025,3.9,3.5,3.875,7.725,7.1,3.75,3.15,3.275,3.45,3.975,3.15,2.6,1.625,1.65,2.7,2.875,2.675,2.6,7.85,5.675,2.725,1.675,2.475,5.475,2.625,2.875,2.35,3.975,2.575,3.475,2.5,3.875,9.125,8.1,3.575,3.225,3.225,7.35,3.1,7.85,3.425,3.25,4.2,4.275,3.775,3.725,6.2,3.8,3.75,4.0,3.65,3.975,4.125,4.25,3.85,4.2,3.8,3.95,3.7,1.625,3.675,3.4,1.825
09:00:00,1.43,3.49,2.82,1.1,0.07,0.02,1.06,0.42,0.0,0.0,0.13,0.0,0.62,0.0,0.18,0.6,1.05,0.2,0.56,1.77,0.99,1.58,1.62,1.39,3.49,2.94,4.09,2.76,2.76,2.79,1.86,3.16,2.29,1.92,1.8,1.34,2.05,1.31,1.19,0.42,1.23,0.4,1.15,0.96,0.79,0.87,0.0,0.33,3.41,1.98,2.48,3.23,0.03,0.08,1.77,2.41,1.93,1.21,0.68,1.73,1.27,0.23,0.74,1.06,0.23,0.0,1.01,1.01,0.95,0.79,0.16,0.35,2.11,2.45,1.83,2.37,3.91,2.85,3.81,2.57,2.62,2.06,0.5,3.85,3.95,4.71,4.14,3.24,2.82,1.43,0.72,0.32,0.51,0.52,2.52,0.15,0.94,2.14,0.52,2.28,2.04,1.06,2.85,0.47,6.48,3.12,4.68,7.96,8.04,10.36,8.08,4.24,4.08,6.8,5.6,6.44,5.24,6.68,4.44,6.36,7.36,4.28,4.92,5.08,4.28,11.56,11.56,8.2,6.2,9.8,8.48,10.2,10.16,7.44,6.76,8.36,7.12,11.6,6.68,6.44,5.96,5.68,5.8,5.36,5.04,4.8,11.36,6.44,5.24,6.4,7.24,9.72,11.12,7.72,4.48,6.2,6.48,4.68,5.44,7.12,5.88,2.32,7.8,7.84,4.64,3.96,6.04,4.68,8.96,7.32,6.48,7.72,7.16,5.04,3.68,7.76,9.12,8.12,4.8,4.0,5.16,5.64,6.88,6.96,7.36,4.76,9.16,5.4,5.04,5.52,7.32,9.2,8.12,5.28,9.68,6.92,7.8,7.68,6.16,5.96,5.88,2.6,5.04,5.44,6.56,8.025,9.225,9.425,7.675,12.5,8.425,8.375,8.575,7.525,8.175,7.725,8.25,10.1,10.125,6.45,7.8,6.0,7.55,7.375,8.05,9.8,7.125,3.75,8.55,6.525,10.675,8.375,6.175,8.2,8.1,8.0,8.025,7.8,8.0,7.375,7.875,7.15,9.675,6.975,6.025,5.375,3.675,1.575,1.75,5.0,4.825,3.675,5.925,9.7,6.65,4.45,3.875,4.6,7.0,5.2,4.625,4.075,5.825,5.225,6.025,5.275,6.175,9.225,8.225,6.925,6.875,6.925,8.4,5.55,8.025,7.1,7.075,8.35,8.45,8.2,7.225,7.025,7.45,7.225,7.3,5.8,5.775,6.075,5.75,6.5,7.05,5.8,8.375,5.4,5.7,5.725,3.325,1.575
10:00:00,1.93,3.18,2.52,2.71,0.18,1.45,2.41,0.75,1.06,0.0,0.65,0.61,1.67,0.35,1.17,0.6,1.1,0.29,0.56,3.24,1.11,2.08,1.97,2.02,2.25,4.2,4.45,3.58,3.04,3.04,2.08,3.91,2.37,2.0,2.13,1.63,2.52,1.84,0.0,0.4,1.37,0.52,1.72,1.26,0.27,0.87,0.0,0.14,3.48,1.39,2.22,4.0,0.01,0.08,1.41,2.09,1.59,0.91,0.68,1.73,1.59,0.23,0.63,1.04,0.24,0.0,1.01,1.01,0.94,0.79,0.16,0.42,2.71,2.2,2.07,2.82,4.68,3.29,3.88,2.84,3.22,2.25,0.49,3.96,3.96,4.78,4.21,3.68,3.35,1.43,1.24,0.32,0.51,0.51,2.94,0.15,1.34,1.51,0.51,1.88,2.23,1.05,2.67,0.46,7.96,6.76,4.08,14.8,4.84,9.52,10.32,6.88,5.68,2.92,6.24,4.72,6.84,7.8,9.56,7.12,4.76,5.16,12.16,4.0,6.4,9.24,11.96,10.08,7.76,12.32,6.96,8.68,8.52,9.84,11.08,11.4,6.92,8.68,7.36,8.92,6.6,4.92,6.44,4.2,8.08,5.4,11.72,5.24,7.48,9.92,10.92,10.48,6.4,7.56,2.04,11.72,7.32,6.48,7.4,7.92,7.96,7.4,7.72,11.28,3.88,8.4,10.72,8.52,6.8,10.04,4.12,4.56,3.0,5.24,5.8,5.92,9.56,8.4,3.04,5.48,4.92,6.2,13.4,7.88,8.08,5.24,8.48,7.08,5.68,5.0,4.84,4.84,2.72,8.68,8.8,5.48,8.76,4.92,6.88,6.92,7.96,4.96,6.76,6.32,6.28,13.2,13.075,12.45,12.45,12.475,11.4,11.875,11.675,10.5,11.125,10.75,11.7,11.625,10.5,11.075,11.25,10.625,10.125,10.025,10.225,8.9,10.175,9.425,9.9,8.575,10.875,10.0,9.9,9.675,9.575,9.45,8.95,9.275,8.875,8.25,9.3,8.675,11.775,8.55,8.5,7.7,7.0,1.55,1.525,7.15,7.225,6.975,7.75,7.225,6.75,6.75,6.8,6.175,6.25,6.0,6.425,6.425,5.7,6.325,6.35,6.3,8.425,9.0,8.3,8.575,8.65,8.4,9.1,7.975,8.1,8.075,7.9,9.825,10.225,8.8,8.725,8.375,8.925,8.4,8.225,7.95,7.55,8.05,8.05,7.475,7.725,7.975,7.925,7.45,7.15,7.175,3.375,1.55
11:00:00,1.49,3.03,4.04,2.93,0.25,2.36,1.66,0.87,1.4,0.0,0.77,0.78,1.38,0.7,0.8,0.9,1.07,0.7,0.56,4.26,1.3,1.9,2.71,2.53,4.63,3.95,4.61,3.7,3.62,3.99,2.68,3.94,2.68,2.58,2.23,2.05,2.85,2.04,1.52,0.41,1.45,1.13,1.42,0.52,0.47,0.87,0.0,0.14,2.03,1.68,2.19,4.06,0.0,0.08,1.68,1.9,1.67,0.68,0.27,1.45,0.93,0.23,0.23,1.08,0.24,0.0,0.5,1.01,0.94,0.79,0.16,0.9,2.93,2.61,2.34,3.18,4.74,3.7,4.0,3.52,3.2,2.86,0.49,4.07,4.07,4.87,4.3,4.26,3.72,1.42,1.42,0.32,0.51,0.51,3.11,0.15,1.2,1.59,0.51,1.88,2.16,1.05,2.33,0.7,6.92,2.48,7.56,12.0,6.24,10.92,8.76,6.44,2.56,3.64,7.72,5.76,5.12,8.76,8.04,6.04,3.88,6.8,6.24,8.24,4.48,7.64,8.64,6.04,9.72,8.04,8.96,8.84,8.96,8.32,8.28,10.04,9.08,8.44,7.28,8.4,5.28,7.28,3.24,6.32,14.92,3.24,5.76,4.28,9.16,5.68,4.8,7.36,5.36,13.2,5.6,9.0,8.0,9.16,8.44,8.92,5.92,4.52,2.68,11.6,4.68,6.08,8.4,7.04,5.84,7.4,4.28,3.32,2.84,4.44,3.12,5.24,7.28,6.8,7.84,2.24,9.0,9.8,10.32,4.96,6.64,11.64,9.32,6.76,5.08,5.28,8.76,6.96,4.52,7.16,3.16,5.12,6.64,4.64,6.68,4.88,6.2,3.84,6.96,6.24,6.76,13.25,12.575,12.375,12.475,12.475,11.3,11.6,11.55,10.55,11.125,11.2,11.125,11.4,11.55,10.95,11.175,10.35,10.15,9.85,10.125,8.975,9.55,10.2,9.925,8.6,10.825,9.7,9.975,9.8,9.725,9.475,8.9,9.625,8.125,8.05,9.0,8.525,9.85,8.125,8.5,8.05,7.05,1.5,1.675,7.075,7.025,6.975,6.975,8.45,7.025,6.75,6.525,6.45,6.0,6.15,6.25,8.525,5.8,6.125,5.925,6.175,8.25,9.725,8.3,8.175,8.2,8.225,7.05,6.625,7.75,7.0,8.125,8.875,9.475,8.375,8.05,8.35,8.675,9.2,8.2,7.775,7.725,8.275,7.525,7.75,7.9,7.575,7.6,7.525,7.125,7.275,3.325,1.6
12:00:00,1.2,1.72,1.59,1.35,0.47,1.13,1.32,0.45,1.36,0.0,0.49,0.44,0.5,0.44,0.4,0.55,0.9,0.36,0.56,2.76,1.37,2.38,3.53,2.74,4.85,3.64,4.59,4.61,3.47,4.08,3.3,4.42,3.12,3.2,2.66,2.23,2.88,2.07,1.79,0.4,1.56,0.84,2.04,0.51,0.39,1.21,0.0,0.14,2.07,1.22,1.91,4.09,0.03,0.08,1.57,1.79,1.25,0.4,0.57,1.4,0.6,0.23,0.23,1.12,0.25,0.0,0.0,1.01,0.71,0.79,0.53,1.21,3.23,3.5,2.57,3.32,4.86,4.58,4.14,4.21,3.53,3.28,0.49,4.16,4.16,4.96,4.42,4.41,4.15,1.42,1.62,0.32,0.5,0.51,3.17,0.15,1.75,1.35,0.51,1.83,2.18,1.05,2.22,1.21,5.92,6.28,7.68,7.24,8.04,6.64,7.92,11.52,6.12,4.64,7.36,6.72,5.32,6.4,3.52,4.28,2.96,6.52,4.68,5.84,5.52,8.24,9.08,11.6,9.72,9.08,7.72,9.96,10.84,7.6,10.84,8.2,8.24,8.08,8.12,9.0,6.96,8.76,6.2,4.92,13.4,5.8,6.8,3.48,4.92,4.12,4.44,9.16,7.36,7.2,10.68,7.32,10.96,5.08,6.68,8.68,4.08,6.84,5.12,7.72,6.4,6.12,8.28,1.52,7.76,4.64,8.36,5.32,7.96,3.56,4.28,6.48,12.56,6.64,7.48,3.0,5.4,8.2,7.04,5.4,6.84,7.36,7.8,8.12,4.8,5.12,6.64,9.48,3.08,6.48,6.44,3.32,4.84,6.16,3.52,7.68,3.16,4.08,7.72,5.0,8.6,10.05,7.65,7.45,7.65,10.825,5.45,11.775,5.8,9.15,8.15,10.8,10.925,5.675,13.875,4.925,9.225,4.725,4.5,7.35,6.5,7.9,8.425,4.25,5.625,6.45,10.525,7.05,5.95,9.65,4.25,5.7,4.775,3.9,8.5,8.05,6.425,4.975,5.75,8.075,5.05,4.625,2.55,1.55,1.975,2.75,3.8,7.65,6.925,10.6,1.475,5.45,4.925,2.8,4.8,3.475,4.35,5.425,3.0,3.475,4.525,4.7,9.85,12.425,4.85,5.625,3.35,4.35,3.475,3.3,8.175,3.3,3.3,4.35,7.675,3.825,7.275,6.2,5.075,9.45,4.075,9.25,7.95,4.0,7.45,5.6,5.3,6.5,7.7,5.575,3.675,3.625,3.4,2.175
13:00:00,0.94,0.09,0.0,0.39,0.02,0.12,1.1,0.0,0.0,0.0,0.0,0.01,0.0,0.0,0.17,0.0,2.87,0.0,0.56,1.96,1.99,2.96,3.71,3.04,4.95,4.01,4.59,4.68,3.17,4.54,3.04,4.82,3.65,3.11,2.94,2.43,3.29,2.69,1.9,0.4,1.91,0.89,3.27,0.51,0.19,1.26,0.0,0.14,1.72,1.17,1.95,4.15,0.34,0.07,1.41,1.67,1.38,0.57,0.28,1.42,0.95,0.23,0.23,1.07,0.25,0.0,0.0,1.01,0.94,0.79,0.53,1.17,3.43,3.64,2.84,3.99,4.95,4.66,4.21,4.22,4.29,3.68,0.49,4.21,4.22,5.03,4.49,4.51,4.23,1.71,1.41,0.32,0.5,0.51,3.2,0.15,1.86,1.29,0.5,1.84,1.9,1.05,2.07,1.24,5.2,4.24,8.6,11.2,8.36,9.64,6.08,12.72,7.32,3.36,9.04,5.36,3.84,5.2,3.52,2.72,3.04,4.2,4.48,5.72,4.72,7.76,9.72,14.28,9.8,7.96,7.08,7.36,7.92,8.36,10.4,6.72,6.72,8.84,6.64,7.16,9.04,9.44,7.84,3.2,12.76,7.0,6.84,4.0,4.04,6.56,4.88,11.2,11.08,8.84,6.92,7.32,7.28,6.88,7.32,13.32,6.88,5.28,5.68,6.0,3.72,6.12,3.88,3.12,4.24,4.2,9.76,5.08,5.64,3.72,3.68,6.28,12.16,6.48,7.2,3.04,8.48,7.2,6.24,5.72,8.48,7.0,7.24,7.96,5.8,2.56,5.36,11.28,1.56,6.76,4.8,4.12,2.2,7.64,3.92,4.16,4.8,2.64,9.32,3.92,8.28,6.65,6.05,5.925,6.225,8.35,5.55,8.275,5.65,11.0,12.375,8.225,12.225,11.525,13.25,9.55,6.475,4.775,9.425,4.85,6.9,4.525,4.25,4.225,4.275,4.25,10.75,4.425,4.8,5.875,4.3,4.2,3.425,4.05,4.05,6.875,7.35,3.95,3.55,6.7,3.625,3.325,2.525,1.7,2.75,2.6,2.575,6.8,6.75,4.625,1.475,10.2,3.45,3.3,5.975,5.075,2.45,2.475,2.125,7.2,5.5,3.075,11.225,11.475,3.625,3.225,3.275,5.65,3.425,4.375,2.95,3.425,3.5,4.35,4.575,3.7,3.65,3.625,5.425,8.225,4.125,10.875,7.45,4.05,7.775,4.85,3.975,4.025,7.5,6.7,3.625,3.925,3.325,1.5
14:00:00,0.82,0.09,0.0,0.41,0.03,0.13,0.62,0.0,0.0,0.0,0.0,0.0,0.0,0.0,1.23,0.0,3.59,0.0,0.56,2.06,1.38,2.84,4.54,3.47,5.05,4.42,4.62,4.81,2.64,4.6,3.86,4.86,3.79,3.38,2.82,2.67,3.4,2.78,1.74,0.4,1.96,1.43,3.88,0.97,0.03,1.26,0.0,0.14,1.73,1.3,1.97,4.22,0.4,0.07,1.2,1.58,1.29,0.28,0.28,1.16,0.63,0.23,0.23,1.06,0.24,0.0,0.0,1.01,0.94,0.78,0.6,1.35,3.8,4.18,2.88,4.53,4.99,4.74,4.29,4.5,4.48,3.89,0.49,4.29,4.31,5.08,4.57,4.91,4.31,1.79,1.63,0.32,0.5,0.98,3.31,0.15,1.93,1.35,0.5,1.82,1.93,1.05,1.74,1.26,4.96,3.2,4.84,9.72,4.16,6.28,6.08,5.0,3.64,5.4,5.52,6.6,5.24,4.64,5.36,2.2,3.04,5.64,5.64,4.64,3.32,10.36,7.8,9.68,6.92,6.6,8.32,8.8,8.52,8.12,9.36,8.92,7.48,8.52,9.0,6.72,9.92,9.92,5.76,4.84,7.56,6.12,6.96,2.32,5.68,6.04,7.32,11.56,9.0,4.24,6.48,8.36,4.84,5.76,3.24,9.6,3.28,3.12,5.44,3.56,2.72,4.92,4.08,1.96,5.56,2.56,8.44,5.12,3.92,5.32,3.08,7.08,10.16,6.68,8.08,2.36,6.36,6.84,7.72,3.88,7.12,7.36,7.12,4.84,5.2,3.6,6.16,9.56,1.8,5.76,3.52,4.56,2.04,4.96,5.24,3.12,4.88,2.72,6.2,2.32,7.76,6.8,5.775,5.875,6.075,5.9,5.5,5.325,5.55,10.2,10.925,13.725,10.925,11.15,10.475,4.875,11.55,4.75,12.55,4.65,8.475,4.375,4.25,4.25,4.4,4.15,10.75,4.45,4.55,2.325,4.3,5.025,3.6,5.5,3.95,3.775,5.2,3.675,3.425,3.625,3.925,3.375,2.525,1.725,2.75,2.6,2.575,6.725,6.75,4.85,1.475,9.95,5.475,3.275,6.275,5.825,2.525,3.2,3.975,7.575,6.175,5.175,8.875,9.25,3.6,3.275,3.275,4.775,3.475,3.05,3.0,3.4,3.3,4.2,5.075,3.65,3.625,3.575,4.05,8.2,4.15,10.875,7.5,3.975,7.4,7.45,4.125,3.85,10.925,7.125,3.975,3.625,3.4,1.65
15:00:00,0.56,0.09,0.0,0.9,0.2,0.12,1.08,0.0,0.0,0.0,0.0,0.0,0.0,0.0,3.16,0.0,3.11,0.0,0.56,2.37,2.09,3.02,4.6,3.65,5.12,4.46,4.67,4.88,3.51,4.66,4.05,4.91,4.08,3.63,2.94,2.86,3.41,3.03,2.24,0.41,1.78,1.02,4.25,1.05,0.11,1.71,0.0,0.13,1.67,1.3,1.76,4.24,0.41,0.07,1.24,1.29,1.07,0.4,0.28,1.17,0.89,0.23,0.22,1.07,0.24,0.0,0.0,1.01,0.94,0.78,0.55,1.39,4.04,4.25,2.97,4.6,5.06,4.78,4.34,4.54,4.54,4.05,0.49,4.37,4.36,5.14,4.63,4.94,4.62,2.1,1.8,0.31,0.5,0.95,3.3,0.15,2.08,1.31,0.5,1.55,3.49,1.05,1.79,1.23,6.76,5.32,5.68,9.32,4.04,6.68,8.08,6.36,5.44,5.52,5.08,6.04,4.24,5.04,3.16,5.72,3.0,5.16,5.12,5.2,3.24,9.76,6.68,7.48,6.88,4.28,8.68,9.68,7.92,8.8,8.16,7.52,10.28,8.76,7.36,6.08,7.28,8.4,6.28,3.72,6.72,3.6,6.4,2.56,4.84,6.28,3.84,5.6,4.76,7.08,5.68,5.96,4.24,4.0,5.04,5.56,5.0,5.6,6.32,3.48,4.56,7.32,4.2,3.0,7.48,4.12,9.0,3.72,4.36,3.6,4.16,5.36,12.84,7.64,7.16,3.6,5.68,6.68,8.68,4.08,5.4,5.68,7.68,5.52,5.4,2.0,6.4,7.52,2.44,4.56,6.2,3.48,3.36,3.6,2.4,2.08,0.64,1.88,5.8,2.72,7.28,6.9,5.925,5.95,5.975,6.275,5.725,5.425,11.675,11.85,11.15,10.475,11.65,11.125,10.25,12.075,11.525,4.825,10.3,4.925,6.85,4.325,4.225,4.25,4.175,4.3,11.025,4.725,4.55,3.1,5.725,7.45,7.5,6.275,7.15,7.025,7.325,5.4,6.1,3.75,3.725,3.5,2.65,1.55,2.7,2.575,2.725,6.725,6.55,10.575,1.475,7.4,4.1,6.275,6.375,5.85,2.7,5.75,6.7,3.35,7.15,6.7,8.525,9.1,3.7,3.2,3.325,5.95,3.375,3.075,2.975,3.275,3.275,5.15,4.3,3.725,3.525,8.325,3.85,8.2,4.1,7.55,7.85,4.05,7.4,7.7,6.925,3.9,9.275,7.275,4.325,3.7,4.475,1.625
16:00:00,0.83,0.11,0.0,0.77,0.09,0.13,0.56,0.0,0.02,0.4,0.0,0.0,0.0,0.0,1.62,0.0,2.46,0.43,0.56,2.43,1.97,3.27,4.6,2.9,5.11,4.69,4.66,4.87,3.94,4.67,3.87,4.92,3.88,3.51,3.1,2.71,3.41,2.67,1.68,0.43,2.1,1.32,3.68,1.06,0.13,1.22,0.0,0.13,1.69,0.88,1.76,4.28,0.39,0.07,1.58,1.56,0.86,0.37,0.28,1.35,0.57,0.23,0.22,1.08,0.24,0.0,0.0,1.01,0.94,0.78,0.6,1.45,3.93,4.1,3.47,4.62,5.07,4.75,4.35,4.56,4.54,4.3,0.49,4.39,4.37,5.17,4.6,4.95,4.26,1.42,1.62,0.32,0.49,0.98,3.39,0.16,1.82,1.01,0.52,1.57,2.26,1.06,1.77,1.23,6.04,3.08,5.64,10.72,3.28,8.72,6.32,3.88,2.92,7.76,3.16,3.52,3.2,4.8,2.76,6.24,3.72,3.32,3.56,3.32,2.76,8.36,7.72,7.08,6.36,4.12,6.96,9.12,7.56,7.4,7.8,7.68,10.92,9.36,7.16,5.88,9.12,8.4,6.6,3.8,6.68,4.72,5.76,4.4,3.72,3.08,6.44,4.8,6.04,5.08,7.36,8.68,5.32,5.56,3.12,6.04,2.76,4.04,6.36,6.64,5.16,9.96,5.16,4.16,7.16,5.96,6.8,5.08,2.96,2.88,4.6,9.68,9.2,8.6,7.52,4.08,6.48,8.0,6.76,6.04,8.36,5.56,12.68,4.76,6.0,2.04,6.64,8.8,1.84,6.6,4.92,4.84,4.68,2.44,2.64,3.64,0.96,2.88,4.0,3.52,7.48,6.65,4.45,5.875,5.95,6.175,5.45,5.725,11.8,10.15,11.525,10.55,11.9,11.325,10.275,11.7,4.7,4.75,10.65,4.65,5.3,4.35,4.25,4.4,4.175,4.25,10.2,4.425,4.575,5.825,9.925,5.775,7.525,8.925,8.25,8.2,4.8,7.05,8.35,3.95,4.225,3.625,2.575,1.6,2.825,2.675,2.35,6.775,6.675,10.5,1.5,7.575,6.525,6.25,7.725,5.825,2.6,5.75,8.85,6.175,9.675,6.425,11.45,9.075,3.525,3.225,3.4,7.8,3.45,3.05,3.2,3.3,3.3,4.7,4.025,3.85,3.55,8.225,3.925,8.475,4.05,7.725,7.775,4.125,7.4,7.825,8.075,4.2,4.25,7.625,5.1,4.225,10.95,1.65
17:00:00,0.87,0.63,0.43,0.86,0.22,0.13,0.93,0.05,0.1,0.0,0.0,0.0,0.0,0.0,0.79,0.0,2.3,0.03,0.56,2.33,1.69,2.92,4.54,2.87,5.1,4.87,4.66,4.83,3.82,4.67,3.82,4.87,4.02,3.42,3.5,2.9,3.96,2.22,2.01,0.43,1.85,1.05,1.73,1.1,0.52,1.2,0.0,0.42,2.8,1.29,1.99,4.25,0.37,0.07,1.35,1.45,1.32,0.34,0.29,1.32,0.9,0.24,0.23,1.06,0.24,0.0,0.0,1.01,0.94,0.78,0.58,1.69,3.55,3.92,2.9,4.61,5.07,4.7,4.36,4.55,4.53,3.99,0.49,4.37,4.36,5.09,4.55,4.92,4.19,1.74,1.49,0.32,0.52,0.65,3.23,0.17,1.69,1.45,0.53,1.85,1.5,1.07,1.91,0.96,5.4,3.96,4.32,11.04,3.2,12.16,4.56,5.76,3.04,7.32,5.0,3.76,3.12,5.12,3.84,4.04,3.56,4.08,3.72,4.44,3.12,8.8,7.64,7.92,7.12,6.16,7.52,9.92,7.48,6.88,7.48,8.64,8.04,10.48,7.8,8.88,7.64,10.08,7.52,2.52,7.48,6.08,7.24,4.08,2.84,3.08,6.92,5.8,4.44,7.28,4.28,6.92,7.88,4.16,5.44,7.92,5.36,3.56,4.4,7.52,3.6,5.96,4.8,3.4,7.56,3.52,7.72,3.2,3.96,4.28,7.72,6.52,8.6,13.04,6.68,2.96,6.52,7.6,7.12,7.4,9.16,6.6,11.48,6.24,6.2,2.16,7.56,6.84,1.44,8.64,4.48,2.64,5.88,5.76,4.36,2.4,1.52,2.0,3.84,2.24,3.44,3.8,3.15,3.375,6.45,6.1,5.675,5.525,11.925,10.15,11.15,10.625,11.05,11.15,10.25,11.675,2.1,4.8,9.9,2.75,3.525,4.05,2.05,2.1,2.65,3.375,10.15,4.375,4.5,4.875,7.05,4.35,3.425,4.15,5.975,8.05,4.125,8.05,6.825,4.55,5.525,4.225,2.475,2.425,5.6,3.3,2.2,3.25,7.4,11.225,1.55,8.425,3.95,7.85,7.9,5.95,5.325,6.025,3.025,5.175,9.1,6.65,8.375,9.225,3.6,3.275,3.375,7.775,3.475,3.175,3.075,3.35,1.9,4.5,4.3,4.55,3.75,6.05,3.95,8.3,4.175,7.675,5.775,4.15,8.15,8.375,8.575,4.725,4.875,10.15,8.375,4.9,11.9,2.325
18:00:00,0.88,1.3,0.47,1.05,0.26,0.37,0.75,0.09,0.1,0.0,0.0,0.0,0.0,0.0,0.6,0.0,2.3,0.08,0.57,1.81,1.61,2.63,4.12,2.61,5.04,4.77,4.65,4.79,3.11,4.65,3.43,4.84,3.32,2.91,3.1,2.84,3.29,2.46,2.15,0.28,1.54,1.15,1.04,0.84,0.34,1.17,0.0,0.14,2.45,1.22,2.57,4.2,0.39,0.07,1.57,1.6,0.94,0.32,0.29,1.26,2.51,0.24,0.24,1.05,0.25,0.09,1.02,1.02,0.95,0.78,0.56,1.13,3.8,3.11,2.8,4.13,5.04,4.68,4.33,4.54,4.52,3.81,0.49,4.36,4.32,4.67,4.52,4.44,3.95,1.71,1.47,0.32,0.53,0.82,3.03,0.17,1.87,1.46,0.53,1.83,1.22,1.07,1.9,0.72,4.4,2.2,5.92,12.76,4.36,11.36,5.6,5.68,4.76,7.92,3.12,4.56,3.28,6.52,6.12,2.72,3.64,4.48,4.96,3.96,3.48,5.8,7.72,7.24,10.04,4.72,9.24,8.12,6.72,6.48,8.6,8.88,6.72,9.4,6.76,7.68,6.56,5.64,8.24,3.36,7.28,4.6,5.32,4.64,5.0,3.52,4.8,3.48,4.32,4.52,2.92,6.28,6.4,4.08,3.32,5.08,4.04,1.84,2.4,7.8,2.52,7.08,2.96,2.36,7.2,5.72,9.44,3.36,4.2,5.84,4.72,7.48,8.92,12.0,4.84,3.72,5.64,6.8,6.68,7.16,6.72,8.32,11.72,6.12,5.52,4.76,11.28,6.76,2.96,6.84,5.08,3.64,4.28,4.2,2.56,5.64,2.8,4.96,2.2,1.56,7.32,3.875,3.725,3.5,6.825,7.0,5.475,9.85,11.875,10.15,5.55,12.175,11.225,11.2,10.3,11.675,2.175,4.95,10.025,2.25,3.05,2.35,2.225,2.2,2.1,2.8,10.45,4.425,4.625,2.4,4.25,4.15,3.65,2.95,4.325,8.625,4.75,8.0,4.475,4.625,5.55,4.25,2.175,2.75,7.75,3.5,2.225,2.15,7.575,7.575,5.25,6.3,4.5,7.825,6.25,1.225,5.15,5.85,2.175,2.65,6.825,6.725,8.325,9.25,2.475,3.025,1.925,3.625,3.675,2.85,2.375,3.5,2.2,5.025,3.9,3.85,3.675,3.65,4.075,8.625,4.325,7.85,4.35,4.95,8.25,8.65,8.575,4.85,4.925,11.375,8.475,4.55,11.85,2.55
19:00:00,0.6,1.09,1.16,1.04,0.18,0.44,0.68,0.09,0.1,0.0,0.0,0.0,0.0,0.0,0.16,0.0,1.59,0.58,0.57,1.54,1.57,2.52,3.56,2.46,4.9,4.57,4.59,4.71,3.33,4.19,3.33,4.2,3.33,2.33,2.56,1.81,2.53,1.65,1.61,0.11,1.44,0.53,0.86,0.11,0.56,0.87,0.0,0.48,0.72,1.27,4.16,4.18,0.78,0.07,1.33,1.79,1.23,0.39,0.57,1.19,3.38,0.24,0.24,1.05,0.25,0.1,1.02,1.02,0.97,0.78,0.19,0.91,3.16,3.7,2.55,3.49,4.94,4.64,4.3,4.5,3.58,3.36,0.5,4.29,4.28,4.58,4.44,3.91,3.48,1.45,1.37,0.32,0.53,0.88,2.87,0.17,1.7,1.46,0.54,1.94,1.22,1.07,2.19,0.72,5.4,3.4,6.96,12.72,3.88,9.32,6.76,5.84,4.6,5.4,3.56,4.36,4.68,3.88,4.44,2.48,3.76,3.4,4.04,5.72,2.8,8.04,7.48,6.4,7.76,5.0,8.56,9.12,7.24,6.96,6.72,7.16,6.08,7.6,5.68,7.44,7.64,5.08,7.08,4.04,5.64,5.72,7.04,3.52,4.88,4.52,6.72,5.2,4.68,5.24,4.16,7.28,3.56,6.56,5.44,4.24,7.04,3.28,3.12,5.24,2.56,5.52,1.76,3.96,5.76,3.12,6.96,4.2,7.6,3.72,2.24,8.72,7.2,11.44,4.56,2.52,5.24,7.8,7.0,7.08,5.84,9.44,6.96,5.84,6.16,2.08,11.6,6.04,1.52,6.2,9.56,3.2,4.92,5.24,3.48,6.32,2.36,4.0,2.12,1.92,4.72,4.05,3.425,3.775,6.85,6.85,5.65,11.4,11.85,10.15,5.3,12.9,13.525,11.2,10.3,11.825,2.175,4.975,10.075,2.35,3.25,2.225,2.275,2.4,2.55,2.6,10.225,4.45,4.9,3.05,4.825,4.9,4.35,3.125,5.75,8.875,4.85,7.1,4.6,4.55,4.75,6.025,2.375,2.425,2.575,3.425,2.275,2.25,7.6,3.65,5.825,6.55,4.775,6.525,6.75,1.75,5.825,5.925,2.3,2.7,6.4,7.725,8.5,11.1,2.125,1.925,1.9,1.775,3.45,1.75,2.325,1.825,2.0,4.55,4.225,4.425,4.525,3.95,4.5,8.95,5.225,8.525,5.225,4.975,8.425,8.425,8.55,5.05,5.075,10.925,8.225,4.575,11.9,2.7
20:00:00,0.88,1.42,0.64,0.7,0.09,0.35,1.17,0.08,0.1,0.0,0.0,0.0,0.0,0.0,0.0,0.0,1.77,1.37,0.58,1.48,1.06,2.1,2.8,1.62,4.71,4.53,4.49,4.51,2.83,3.71,2.76,4.06,2.62,2.26,2.39,1.89,2.1,1.27,1.44,0.12,1.37,0.13,0.87,0.64,0.61,0.87,0.0,0.51,0.26,1.27,4.15,2.42,0.51,0.07,1.62,1.74,1.3,0.78,0.68,1.43,3.4,0.04,0.24,1.08,0.25,0.1,1.02,1.03,0.97,0.79,0.19,0.8,2.7,2.98,2.14,3.13,4.76,4.55,4.25,3.72,2.33,3.06,0.5,4.24,4.17,4.32,4.37,4.1,3.41,1.45,1.36,0.24,0.53,0.86,2.65,0.17,1.45,1.56,0.54,1.94,1.22,1.07,1.85,0.72,4.8,5.36,7.52,8.8,5.36,8.4,9.04,5.12,3.04,5.84,2.8,3.32,3.48,4.28,3.56,2.12,2.8,3.16,5.48,3.84,3.0,6.32,6.76,6.96,6.08,3.64,7.56,9.76,7.48,5.64,10.0,8.0,6.68,7.32,4.4,6.56,6.92,3.6,5.96,2.16,5.0,4.68,5.12,3.56,4.16,3.92,3.96,4.16,3.76,3.84,5.48,5.08,4.12,4.64,4.64,4.4,6.52,2.48,3.12,4.2,2.28,3.44,4.64,4.52,4.84,3.12,6.24,4.0,9.88,3.28,3.4,6.28,5.76,10.52,4.8,2.48,6.2,7.36,7.16,6.04,6.08,7.4,8.2,4.0,7.16,2.84,6.2,7.56,3.44,6.28,9.48,2.56,3.32,3.8,3.8,5.0,1.48,7.44,2.88,1.92,4.48,4.1,3.5,3.85,7.075,10.35,9.65,11.925,12.475,11.0,10.5,10.775,12.95,11.525,10.575,11.85,2.55,11.4,10.75,2.875,3.5,2.725,2.6,2.775,2.85,3.175,11.075,7.85,8.075,6.575,7.625,7.65,11.175,3.225,9.0,9.2,7.45,9.525,6.9,7.475,9.425,9.05,2.175,2.6,2.575,3.5,2.225,2.2,8.0,4.75,7.775,7.6,6.325,7.2,7.025,2.025,6.875,6.8,3.975,5.15,7.1,6.925,8.825,9.925,2.375,2.275,2.725,2.0,3.65,2.15,2.425,2.225,2.625,5.3,7.475,5.75,7.05,7.7,7.15,9.225,8.65,8.5,6.75,6.05,8.425,8.625,8.9,5.75,5.875,9.1,8.25,4.625,10.05,2.5
21:00:00,0.99,1.53,1.16,0.56,0.08,0.33,0.72,0.09,0.1,0.0,0.0,0.0,0.0,0.0,0.0,0.0,1.29,1.45,0.58,0.97,1.03,2.11,2.32,1.74,4.6,4.41,4.35,4.42,2.22,3.16,2.4,3.64,2.46,2.07,2.37,2.18,1.76,1.16,1.2,0.93,1.36,0.52,1.28,0.22,0.62,0.0,0.02,0.5,0.37,1.39,4.14,4.09,0.59,0.08,1.28,1.76,1.39,0.44,0.66,1.36,3.03,0.0,0.62,1.11,0.25,0.1,1.02,1.03,0.97,0.86,0.19,0.69,2.79,2.62,1.94,2.9,4.67,4.49,4.2,3.55,2.32,3.24,0.5,4.2,4.17,4.08,4.3,3.97,3.38,1.45,1.07,0.32,0.53,0.54,2.72,0.17,1.95,1.59,0.54,2.16,1.22,1.07,1.98,0.72,3.44,4.44,8.12,7.0,4.28,8.84,6.6,3.0,4.6,5.2,2.88,2.84,1.92,4.2,3.2,1.76,3.24,2.6,4.6,3.48,2.48,5.32,6.6,6.0,7.48,3.4,7.12,6.64,6.4,6.08,8.0,6.88,6.04,6.2,3.56,5.96,7.0,3.4,5.16,3.96,4.96,3.72,6.52,4.4,3.6,3.12,4.52,3.56,5.88,3.6,3.24,7.76,3.56,3.68,3.68,3.0,5.12,3.04,2.12,3.4,1.56,3.44,2.4,3.12,4.64,2.04,2.68,2.92,4.52,2.28,2.6,8.12,6.24,7.76,4.24,4.04,5.12,6.6,4.84,5.64,5.16,7.16,8.68,4.0,5.12,2.88,4.8,7.56,2.32,5.16,7.4,3.4,2.96,2.6,5.12,2.92,1.96,8.2,3.72,1.64,4.44,3.875,3.55,3.65,6.925,13.6,12.075,12.625,12.35,11.275,11.75,11.25,12.225,12.225,10.925,5.275,2.85,12.425,10.725,2.875,3.75,2.85,2.9,2.825,2.925,3.4,11.75,10.575,10.8,10.75,10.7,10.375,9.675,3.6,8.925,9.35,10.625,9.7,9.275,9.45,9.35,9.5,2.45,3.3,2.45,3.525,2.575,2.475,8.525,7.85,7.85,7.8,7.525,7.3,7.25,2.075,7.35,7.075,6.775,7.05,7.65,7.1,8.675,10.025,2.925,2.7,2.675,2.675,4.25,2.55,2.475,2.825,2.825,5.325,10.475,9.4,9.35,9.45,9.875,9.5,9.35,8.5,8.675,9.15,8.55,8.95,8.9,8.65,8.675,8.975,8.375,4.675,6.05,2.5
22:00:00,0.96,1.68,1.32,0.57,0.02,0.47,1.09,0.09,0.1,0.0,0.0,0.0,0.0,0.0,0.0,0.0,2.34,0.79,0.58,1.3,0.79,1.7,2.31,1.73,4.38,4.28,3.58,4.08,1.8,3.94,2.19,3.6,2.24,2.72,2.35,1.85,1.83,0.98,1.35,0.79,1.39,0.13,1.44,0.22,0.62,1.3,0.12,1.02,0.38,1.45,4.2,4.07,0.73,0.99,1.65,1.72,1.25,0.43,0.65,1.5,3.03,0.0,0.57,1.06,0.25,0.1,1.02,1.03,0.97,0.76,0.2,0.47,2.49,2.75,1.78,2.89,4.53,4.39,4.07,2.95,2.15,2.74,0.5,4.19,4.14,3.98,4.22,3.62,2.92,1.46,1.25,0.32,0.54,0.86,2.63,0.17,1.35,1.59,0.54,1.95,1.22,1.07,2.22,0.72,4.12,3.32,4.2,6.24,4.04,10.24,6.56,2.72,3.72,4.48,3.56,3.32,1.92,4.16,3.52,3.64,2.68,4.12,3.84,3.64,2.36,4.44,5.6,5.56,5.4,3.08,6.0,6.84,6.88,5.72,8.08,6.0,5.96,7.28,3.12,6.4,6.6,3.52,4.4,3.0,4.92,3.84,5.08,3.84,5.24,3.56,3.6,5.04,4.48,3.08,3.2,6.48,4.16,2.92,5.76,3.56,4.68,2.32,2.52,4.8,1.8,2.56,2.4,1.84,3.0,2.64,1.04,3.48,2.68,2.56,2.32,7.0,5.48,6.8,3.84,2.08,4.88,5.6,5.52,6.12,3.68,5.24,5.28,2.68,5.56,2.76,4.2,7.2,3.08,5.4,5.64,4.6,4.04,3.36,4.56,2.88,0.0,5.8,4.12,2.28,3.72,4.0,3.925,3.475,6.875,13.375,12.3,12.075,12.375,11.05,11.825,11.4,12.95,12.225,11.25,2.8,3.075,12.025,10.8,2.875,3.9,3.25,2.9,3.05,2.975,3.75,11.6,10.575,10.625,10.525,9.2,10.375,9.6,3.2,8.9,9.0,10.125,9.525,9.375,9.4,9.35,8.825,2.425,2.425,2.425,3.5,2.275,2.25,8.25,7.7,7.85,7.6,7.625,7.275,7.4,2.05,7.125,7.4,6.55,6.975,7.45,7.95,8.525,9.95,2.95,2.65,2.675,2.625,4.275,2.6,2.45,2.7,2.8,5.1,9.725,9.625,9.35,9.375,9.425,9.325,8.15,8.575,8.85,8.85,8.525,9.225,8.825,8.65,8.625,8.55,7.15,4.75,2.075,2.425
23:00:00,0.84,1.87,1.33,0.69,0.01,0.42,1.04,0.09,0.1,0.0,0.0,0.0,0.0,0.0,0.0,0.0,1.83,0.74,0.58,0.93,0.73,1.55,2.29,1.29,4.36,4.23,3.63,3.52,1.64,3.58,2.34,3.08,2.42,2.29,2.36,1.49,1.75,1.03,1.47,0.8,1.21,0.13,1.15,0.61,0.61,1.3,0.12,0.97,0.38,1.49,4.23,4.06,0.37,4.27,1.66,1.88,1.21,0.78,0.63,1.44,2.71,0.0,0.63,1.09,0.26,0.1,1.03,1.03,0.98,0.87,0.2,0.29,2.23,2.43,1.75,2.67,4.1,4.29,4.01,2.66,2.11,1.12,0.5,4.17,4.09,3.94,4.15,3.64,2.74,1.46,0.96,0.32,0.54,0.55,1.88,0.17,0.54,1.69,0.54,2.25,1.22,1.07,2.1,0.71,3.88,3.44,3.96,4.84,3.04,8.92,5.88,3.72,5.24,3.68,2.52,2.76,3.32,3.84,3.24,3.2,3.64,3.96,3.2,2.2,3.24,4.72,5.68,6.16,5.2,5.12,6.8,6.2,6.36,6.0,7.72,5.92,4.92,6.48,3.4,4.84,6.64,3.64,4.52,2.84,4.64,3.08,4.32,2.32,4.76,3.08,3.52,3.44,5.84,3.68,3.08,5.56,3.48,3.04,3.92,3.8,3.2,1.96,2.4,4.48,2.52,3.92,1.64,2.84,2.4,2.2,1.92,2.4,2.6,1.92,2.28,5.88,5.48,5.76,2.64,1.8,4.08,6.2,5.6,4.96,3.76,4.56,5.36,3.44,3.88,3.76,4.76,6.24,3.96,4.08,4.2,3.64,3.2,3.08,3.44,3.04,0.84,2.88,2.84,1.32,3.64,4.1,3.425,3.6,6.85,8.225,6.25,6.975,5.7,3.25,4.0,4.925,8.6,4.35,4.65,2.9,2.95,11.975,10.8,3.1,4.175,2.875,3.475,2.875,2.85,3.4,6.275,6.725,5.4,6.525,5.175,5.175,4.0,3.175,7.35,4.775,4.35,4.2,4.125,4.225,4.7,4.25,2.3,2.65,2.45,3.525,2.175,2.25,4.7,4.15,3.575,7.625,2.375,3.125,2.95,2.025,7.2,3.325,2.425,3.925,10.375,10.45,3.45,4.625,2.95,2.675,2.8,2.95,4.5,2.475,2.5,3.0,2.825,4.825,7.75,4.3,3.25,3.65,3.3,3.325,5.075,2.8,3.35,10.3,4.3,4.4,4.45,7.25,4.275,4.35,2.775,4.9,2.025,2.625
