{
  "TariffSelectionGeneric": {
    "ElectricityPurchased:Facility": "Example_F",
    "Gas:Facility": "IN-EIAMonthlyRateGas",
    "applicable": true
  },
  "OpenStudioResults": {
    "units": "IP",
    "building_summary_section": true,
    "annual_overview_section": true,
    "monthly_overview_section": true,
    "utility_bills_rates_section": true,
    "envelope_section_section": true,
    "space_type_breakdown_section": true,
    "space_type_details_section": true,
    "interior_lighting_section": true,
    "plug_loads_section": true,
    "exterior_light_section": true,
    "water_use_section": true,
    "hvac_load_profile": true,
    "zone_condition_section": true,
    "zone_summary_section": true,
    "zone_equipment_detail_section": true,
    "air_loops_detail_section": true,
    "plant_loops_detail_section": true,
    "outdoor_air_section": true,
    "cost_summary_section": true,
    "source_energy_section": true,
    "schedules_overview_section": true,
    "measure_warning_section": true,
    "reg_monthly_details": true,
    "standards_gem_version": "0.2.13.rc3",
    "workflow_gem_version": "2.0.1",
    "building_name": "n/a",
    "total_site_energy": 4344878.983057074,
    "net_site_energy": 4344878.983057074,
    "total_building_area": 187647.03501629224,
    "total_site_eui": 23.154530433586842,
    "eui": 23.154530433586842,
    "unmet_hours_during_heating": 5.5,
    "unmet_hours_during_cooling": 0.0,
    "unmet_hours_during_occupied_heating": 5.5,
    "unmet_hours_during_occupied_cooling": 0.0,
    "unmet_hours_tolerance_heating": 0.36,
    "unmet_hours_tolerance_cooling": 0.36,
    "end_use_electricity_heating_jan": 130.18277777777777,
    "end_use_electricity_heating_feb": 34.30361111111111,
    "end_use_electricity_heating_mar": 50.11055555555556,
    "end_use_electricity_heating_apr": 12.619339986111113,
    "end_use_electricity_heating_may": 0.0,
    "end_use_electricity_heating_jun": 0.0,
    "end_use_electricity_heating_jul": 0.0,
    "end_use_electricity_heating_aug": 0.0,
    "end_use_electricity_heating_sep": 0.0,
    "end_use_electricity_heating_oct": 0.0,
    "end_use_electricity_heating_nov": 19.08358870555556,
    "end_use_electricity_heating_dec": 161.98166666666665,
    "electricity_heating_ip": 408.2815398027778,
    "end_use_electricity_cooling_jan": 13.018338219444447,
    "end_use_electricity_cooling_feb": 25.385963644444445,
    "end_use_electricity_cooling_mar": 30.99611111111111,
    "end_use_electricity_cooling_apr": 40.715555555555554,
    "end_use_electricity_cooling_may": 103.36444444444444,
    "end_use_electricity_cooling_jun": 160.13361111111112,
    "end_use_electricity_cooling_jul": 202.48416666666665,
    "end_use_electricity_cooling_aug": 168.3838888888889,
    "end_use_electricity_cooling_sep": 209.68111111111114,
    "end_use_electricity_cooling_oct": 161.91361111111112,
    "end_use_electricity_cooling_nov": 59.07638888888889,
    "end_use_electricity_cooling_dec": 9.15136176388889,
    "electricity_cooling_ip": 1184.3045525166667,
    "end_use_electricity_interior_lighting_jan": 53249.722222222226,
    "end_use_electricity_interior_lighting_feb": 47150.0,
    "end_use_electricity_interior_lighting_mar": 50804.444444444445,
    "end_use_electricity_interior_lighting_apr": 51216.38888888889,
    "end_use_electricity_interior_lighting_may": 53249.722222222226,
    "end_use_electricity_interior_lighting_jun": 48771.11111111111,
    "end_use_electricity_interior_lighting_jul": 53249.722222222226,
    "end_use_electricity_interior_lighting_aug": 52026.944444444445,
    "end_use_electricity_interior_lighting_sep": 49993.88888888889,
    "end_use_electricity_interior_lighting_oct": 53249.722222222226,
    "end_use_electricity_interior_lighting_nov": 49993.88888888889,
    "end_use_electricity_interior_lighting_dec": 52026.944444444445,
    "electricity_interior_lighting_ip": 614982.5,
    "electricity_exterior_lighting_ip": 0.0,
    "end_use_electricity_interior_equipment_jan": 40819.722222222226,
    "end_use_electricity_interior_equipment_feb": 36087.5,
    "end_use_electricity_interior_equipment_mar": 38799.722222222226,
    "end_use_electricity_interior_equipment_apr": 39242.5,
    "end_use_electricity_interior_equipment_may": 40819.722222222226,
    "end_use_electricity_interior_equipment_jun": 37222.5,
    "end_use_electricity_interior_equipment_jul": 40819.722222222226,
    "end_use_electricity_interior_equipment_aug": 39809.722222222226,
    "end_use_electricity_interior_equipment_sep": 38232.5,
    "end_use_electricity_interior_equipment_oct": 40819.722222222226,
    "end_use_electricity_interior_equipment_nov": 38232.5,
    "end_use_electricity_interior_equipment_dec": 39809.722222222226,
    "electricity_interior_equipment_ip": 470715.5555555556,
    "electricity_exterior_equipment_ip": 0.0,
    "end_use_electricity_fans_jan": 5717.25,
    "end_use_electricity_fans_feb": 4866.055555555556,
    "end_use_electricity_fans_mar": 5038.388888888889,
    "end_use_electricity_fans_apr": 5223.361111111111,
    "end_use_electricity_fans_may": 5449.611111111111,
    "end_use_electricity_fans_jun": 4745.5,
    "end_use_electricity_fans_jul": 5462.583333333333,
    "end_use_electricity_fans_aug": 5225.722222222222,
    "end_use_electricity_fans_sep": 5016.805555555556,
    "end_use_electricity_fans_oct": 5502.833333333333,
    "end_use_electricity_fans_nov": 5109.833333333333,
    "end_use_electricity_fans_dec": 5475.888888888889,
    "electricity_fans_ip": 62833.833333333336,
    "end_use_electricity_pumps_jan": 1.724086713888889,
    "end_use_electricity_pumps_feb": 1.499205838888889,
    "end_use_electricity_pumps_mar": 1.5741661305555557,
    "end_use_electricity_pumps_apr": 1.6491264222222224,
    "end_use_electricity_pumps_may": 1.724086713888889,
    "end_use_electricity_pumps_jun": 1.499205838888889,
    "end_use_electricity_pumps_jul": 1.724086713888889,
    "end_use_electricity_pumps_aug": 1.6491264222222224,
    "end_use_electricity_pumps_sep": 1.5741661305555557,
    "end_use_electricity_pumps_oct": 1.724086713888889,
    "end_use_electricity_pumps_nov": 1.5741661305555557,
    "end_use_electricity_pumps_dec": 1.6491264222222224,
    "electricity_pumps_ip": 19.564636191666665,
    "electricity_heat_rejection_ip": 0.0,
    "electricity_humidification_ip": 0.0,
    "electricity_heat_recovery_ip": 0.0,
    "electricity_water_systems_ip": 0.0,
    "electricity_refrigeration_ip": 0.0,
    "electricity_generators_ip": 0.0,
    "electricity_ip": 1150144.0396174,
    "electricity_ip_jan": 99931.61964715554,
    "electricity_ip_feb": 88164.74433615,
    "electricity_ip_mar": 94725.23638835279,
    "electricity_ip_apr": 95737.2340219639,
    "electricity_ip_may": 99624.14408671389,
    "electricity_ip_jun": 90900.74392806111,
    "electricity_ip_jul": 99736.23603115833,
    "electricity_ip_aug": 97232.4219042,
    "electricity_ip_sep": 93454.4497216861,
    "electricity_ip_oct": 99735.91547560277,
    "electricity_ip_nov": 93415.95636594722,
    "electricity_ip_dec": 97485.33771040833,
    "natural_gas_heating_ip": 0.0,
    "natural_gas_cooling_ip": 0.0,
    "natural_gas_interior_lighting_ip": 0.0,
    "natural_gas_exterior_lighting_ip": 0.0,
    "natural_gas_interior_equipment_ip": 0.0,
    "natural_gas_exterior_equipment_ip": 0.0,
    "natural_gas_fans_ip": 0.0,
    "natural_gas_pumps_ip": 0.0,
    "natural_gas_heat_rejection_ip": 0.0,
    "natural_gas_humidification_ip": 0.0,
    "natural_gas_heat_recovery_ip": 0.0,
    "natural_gas_water_systems_ip": 0.0,
    "natural_gas_refrigeration_ip": 0.0,
    "natural_gas_generators_ip": 0.0,
    "natural_gas_ip": 0.0,
    "natural_gas_ip_jan": 0.0,
    "natural_gas_ip_feb": 0.0,
    "natural_gas_ip_mar": 0.0,
    "natural_gas_ip_apr": 0.0,
    "natural_gas_ip_may": 0.0,
    "natural_gas_ip_jun": 0.0,
    "natural_gas_ip_jul": 0.0,
    "natural_gas_ip_aug": 0.0,
    "natural_gas_ip_sep": 0.0,
    "natural_gas_ip_oct": 0.0,
    "natural_gas_ip_nov": 0.0,
    "natural_gas_ip_dec": 0.0,
    "fuel_oil_no_1_heating_ip": 0.0,
    "fuel_oil_no_1_cooling_ip": 0.0,
    "fuel_oil_no_1_interior_lighting_ip": 0.0,
    "fuel_oil_no_1_exterior_lighting_ip": 0.0,
    "fuel_oil_no_1_interior_equipment_ip": 0.0,
    "fuel_oil_no_1_exterior_equipment_ip": 0.0,
    "fuel_oil_no_1_fans_ip": 0.0,
    "fuel_oil_no_1_pumps_ip": 0.0,
    "fuel_oil_no_1_heat_rejection_ip": 0.0,
    "fuel_oil_no_1_humidification_ip": 0.0,
    "fuel_oil_no_1_heat_recovery_ip": 0.0,
    "fuel_oil_no_1_water_systems_ip": 0.0,
    "fuel_oil_no_1_refrigeration_ip": 0.0,
    "fuel_oil_no_1_generators_ip": 0.0,
    "fuel_oil_no_1_ip": 0.0,
    "fuel_oil_no_1_ip_jan": 0.0,
    "fuel_oil_no_1_ip_feb": 0.0,
    "fuel_oil_no_1_ip_mar": 0.0,
    "fuel_oil_no_1_ip_apr": 0.0,
    "fuel_oil_no_1_ip_may": 0.0,
    "fuel_oil_no_1_ip_jun": 0.0,
    "fuel_oil_no_1_ip_jul": 0.0,
    "fuel_oil_no_1_ip_aug": 0.0,
    "fuel_oil_no_1_ip_sep": 0.0,
    "fuel_oil_no_1_ip_oct": 0.0,
    "fuel_oil_no_1_ip_nov": 0.0,
    "fuel_oil_no_1_ip_dec": 0.0,
    "fuel_oil_no_2_heating_ip": 0.0,
    "fuel_oil_no_2_cooling_ip": 0.0,
    "fuel_oil_no_2_interior_lighting_ip": 0.0,
    "fuel_oil_no_2_exterior_lighting_ip": 0.0,
    "fuel_oil_no_2_interior_equipment_ip": 0.0,
    "fuel_oil_no_2_exterior_equipment_ip": 0.0,
    "fuel_oil_no_2_fans_ip": 0.0,
    "fuel_oil_no_2_pumps_ip": 0.0,
    "fuel_oil_no_2_heat_rejection_ip": 0.0,
    "fuel_oil_no_2_humidification_ip": 0.0,
    "fuel_oil_no_2_heat_recovery_ip": 0.0,
    "fuel_oil_no_2_water_systems_ip": 0.0,
    "fuel_oil_no_2_refrigeration_ip": 0.0,
    "fuel_oil_no_2_generators_ip": 0.0,
    "fuel_oil_no_2_ip": 0.0,
    "fuel_oil_no_2_ip_jan": 0.0,
    "fuel_oil_no_2_ip_feb": 0.0,
    "fuel_oil_no_2_ip_mar": 0.0,
    "fuel_oil_no_2_ip_apr": 0.0,
    "fuel_oil_no_2_ip_may": 0.0,
    "fuel_oil_no_2_ip_jun": 0.0,
    "fuel_oil_no_2_ip_jul": 0.0,
    "fuel_oil_no_2_ip_aug": 0.0,
    "fuel_oil_no_2_ip_sep": 0.0,
    "fuel_oil_no_2_ip_oct": 0.0,
    "fuel_oil_no_2_ip_nov": 0.0,
    "fuel_oil_no_2_ip_dec": 0.0,
    "propane_heating_ip": 0.0,
    "propane_cooling_ip": 0.0,
    "propane_interior_lighting_ip": 0.0,
    "propane_exterior_lighting_ip": 0.0,
    "propane_interior_equipment_ip": 0.0,
    "propane_exterior_equipment_ip": 0.0,
    "propane_fans_ip": 0.0,
    "propane_pumps_ip": 0.0,
    "propane_heat_rejection_ip": 0.0,
    "propane_humidification_ip": 0.0,
    "propane_heat_recovery_ip": 0.0,
    "propane_water_systems_ip": 0.0,
    "propane_refrigeration_ip": 0.0,
    "propane_generators_ip": 0.0,
    "propane_ip": 0.0,
    "propane_ip_jan": 0.0,
    "propane_ip_feb": 0.0,
    "propane_ip_mar": 0.0,
    "propane_ip_apr": 0.0,
    "propane_ip_may": 0.0,
    "propane_ip_jun": 0.0,
    "propane_ip_jul": 0.0,
    "propane_ip_aug": 0.0,
    "propane_ip_sep": 0.0,
    "propane_ip_oct": 0.0,
    "propane_ip_nov": 0.0,
    "propane_ip_dec": 0.0,
    "district_cooling_heating_ip": 0.0,
    "district_cooling_cooling_ip": 0.0,
    "district_cooling_interior_lighting_ip": 0.0,
    "district_cooling_exterior_lighting_ip": 0.0,
    "district_cooling_interior_equipment_ip": 0.0,
    "district_cooling_exterior_equipment_ip": 0.0,
    "district_cooling_fans_ip": 0.0,
    "district_cooling_pumps_ip": 0.0,
    "district_cooling_heat_rejection_ip": 0.0,
    "district_cooling_humidification_ip": 0.0,
    "district_cooling_heat_recovery_ip": 0.0,
    "district_cooling_water_systems_ip": 0.0,
    "district_cooling_refrigeration_ip": 0.0,
    "district_cooling_generators_ip": 0.0,
    "district_cooling_ip": 0.0,
    "district_cooling_ip_jan": 0.0,
    "district_cooling_ip_feb": 0.0,
    "district_cooling_ip_mar": 0.0,
    "district_cooling_ip_apr": 0.0,
    "district_cooling_ip_may": 0.0,
    "district_cooling_ip_jun": 0.0,
    "district_cooling_ip_jul": 0.0,
    "district_cooling_ip_aug": 0.0,
    "district_cooling_ip_sep": 0.0,
    "district_cooling_ip_oct": 0.0,
    "district_cooling_ip_nov": 0.0,
    "district_cooling_ip_dec": 0.0,
    "district_heating_heating_ip": 0.0,
    "district_heating_cooling_ip": 0.0,
    "district_heating_interior_lighting_ip": 0.0,
    "district_heating_exterior_lighting_ip": 0.0,
    "district_heating_interior_equipment_ip": 0.0,
    "district_heating_exterior_equipment_ip": 0.0,
    "district_heating_fans_ip": 0.0,
    "district_heating_pumps_ip": 0.0,
    "district_heating_heat_rejection_ip": 0.0,
    "district_heating_humidification_ip": 0.0,
    "district_heating_heat_recovery_ip": 0.0,
    "district_heating_water_systems_ip": 0.0,
    "district_heating_refrigeration_ip": 0.0,
    "district_heating_generators_ip": 0.0,
    "district_heating_ip": 0.0,
    "district_heating_ip_jan": 0.0,
    "district_heating_ip_feb": 0.0,
    "district_heating_ip_mar": 0.0,
    "district_heating_ip_apr": 0.0,
    "district_heating_ip_may": 0.0,
    "district_heating_ip_jun": 0.0,
    "district_heating_ip_jul": 0.0,
    "district_heating_ip_aug": 0.0,
    "district_heating_ip_sep": 0.0,
    "district_heating_ip_oct": 0.0,
    "district_heating_ip_nov": 0.0,
    "district_heating_ip_dec": 0.0,
    "water_heating_ip": 0.0,
    "water_cooling_ip": 0.0,
    "water_interior_lighting_ip": 0.0,
    "water_exterior_lighting_ip": 0.0,
    "water_interior_equipment_ip": 0.0,
    "water_exterior_equipment_ip": 0.0,
    "water_fans_ip": 0.0,
    "water_pumps_ip": 0.0,
    "water_heat_rejection_ip": 0.0,
    "water_humidification_ip": 0.0,
    "water_heat_recovery_ip": 0.0,
    "water_water_systems_ip": 0.0,
    "water_refrigeration_ip": 0.0,
    "water_generators_ip": 0.0,
    "water_ip": 0.0,
    "water_ip_jan": 0.0,
    "water_ip_feb": 0.0,
    "water_ip_mar": 0.0,
    "water_ip_apr": 0.0,
    "water_ip_may": 0.0,
    "water_ip_jun": 0.0,
    "water_ip_jul": 0.0,
    "water_ip_aug": 0.0,
    "water_ip_sep": 0.0,
    "water_ip_oct": 0.0,
    "water_ip_nov": 0.0,
    "water_ip_dec": 0.0,
    "fuel_oil_1_heating_ip": 0.0,
    "fuel_oil_1_cooling_ip": 0.0,
    "fuel_oil_1_interior_lighting_ip": 0.0,
    "fuel_oil_1_exterior_lighting_ip": 0.0,
    "fuel_oil_1_interior_equipment_ip": 0.0,
    "fuel_oil_1_exterior_equipment_ip": 0.0,
    "fuel_oil_1_fans_ip": 0.0,
    "fuel_oil_1_pumps_ip": 0.0,
    "fuel_oil_1_heat_rejection_ip": 0.0,
    "fuel_oil_1_humidification_ip": 0.0,
    "fuel_oil_1_heat_recovery_ip": 0.0,
    "fuel_oil_1_water_systems_ip": 0.0,
    "fuel_oil_1_refrigeration_ip": 0.0,
    "fuel_oil_1_generators_ip": 0.0,
    "fuel_oil_1_ip": 0.0,
    "fuel_oil_1_ip_jan": 0.0,
    "fuel_oil_1_ip_feb": 0.0,
    "fuel_oil_1_ip_mar": 0.0,
    "fuel_oil_1_ip_apr": 0.0,
    "fuel_oil_1_ip_may": 0.0,
    "fuel_oil_1_ip_jun": 0.0,
    "fuel_oil_1_ip_jul": 0.0,
    "fuel_oil_1_ip_aug": 0.0,
    "fuel_oil_1_ip_sep": 0.0,
    "fuel_oil_1_ip_oct": 0.0,
    "fuel_oil_1_ip_nov": 0.0,
    "fuel_oil_1_ip_dec": 0.0,
    "fuel_oil_2_heating_ip": 0.0,
    "fuel_oil_2_cooling_ip": 0.0,
    "fuel_oil_2_interior_lighting_ip": 0.0,
    "fuel_oil_2_exterior_lighting_ip": 0.0,
    "fuel_oil_2_interior_equipment_ip": 0.0,
    "fuel_oil_2_exterior_equipment_ip": 0.0,
    "fuel_oil_2_fans_ip": 0.0,
    "fuel_oil_2_pumps_ip": 0.0,
    "fuel_oil_2_heat_rejection_ip": 0.0,
    "fuel_oil_2_humidification_ip": 0.0,
    "fuel_oil_2_heat_recovery_ip": 0.0,
    "fuel_oil_2_water_systems_ip": 0.0,
    "fuel_oil_2_refrigeration_ip": 0.0,
    "fuel_oil_2_generators_ip": 0.0,
    "fuel_oil_2_ip": 0.0,
    "fuel_oil_2_ip_jan": 0.0,
    "fuel_oil_2_ip_feb": 0.0,
    "fuel_oil_2_ip_mar": 0.0,
    "fuel_oil_2_ip_apr": 0.0,
    "fuel_oil_2_ip_may": 0.0,
    "fuel_oil_2_ip_jun": 0.0,
    "fuel_oil_2_ip_jul": 0.0,
    "fuel_oil_2_ip_aug": 0.0,
    "fuel_oil_2_ip_sep": 0.0,
    "fuel_oil_2_ip_oct": 0.0,
    "fuel_oil_2_ip_nov": 0.0,
    "fuel_oil_2_ip_dec": 0.0,
    "propane_gas_heating_ip": 0.0,
    "propane_gas_cooling_ip": 0.0,
    "propane_gas_interior_lighting_ip": 0.0,
    "propane_gas_exterior_lighting_ip": 0.0,
    "propane_gas_interior_equipment_ip": 0.0,
    "propane_gas_exterior_equipment_ip": 0.0,
    "propane_gas_fans_ip": 0.0,
    "propane_gas_pumps_ip": 0.0,
    "propane_gas_heat_rejection_ip": 0.0,
    "propane_gas_humidification_ip": 0.0,
    "propane_gas_heat_recovery_ip": 0.0,
    "propane_gas_water_systems_ip": 0.0,
    "propane_gas_refrigeration_ip": 0.0,
    "propane_gas_generators_ip": 0.0,
    "propane_gas_ip": 0.0,
    "propane_gas_ip_jan": 0.0,
    "propane_gas_ip_feb": 0.0,
    "propane_gas_ip_mar": 0.0,
    "propane_gas_ip_apr": 0.0,
    "propane_gas_ip_may": 0.0,
    "propane_gas_ip_jun": 0.0,
    "propane_gas_ip_jul": 0.0,
    "propane_gas_ip_aug": 0.0,
    "propane_gas_ip_sep": 0.0,
    "propane_gas_ip_oct": 0.0,
    "propane_gas_ip_nov": 0.0,
    "propane_gas_ip_dec": 0.0,
    "coal_heating_ip": 0.0,
    "coal_cooling_ip": 0.0,
    "coal_interior_lighting_ip": 0.0,
    "coal_exterior_lighting_ip": 0.0,
    "coal_interior_equipment_ip": 0.0,
    "coal_exterior_equipment_ip": 0.0,
    "coal_fans_ip": 0.0,
    "coal_pumps_ip": 0.0,
    "coal_heat_rejection_ip": 0.0,
    "coal_humidification_ip": 0.0,
    "coal_heat_recovery_ip": 0.0,
    "coal_water_systems_ip": 0.0,
    "coal_refrigeration_ip": 0.0,
    "coal_generators_ip": 0.0,
    "coal_ip": 0.0,
    "coal_ip_jan": 0.0,
    "coal_ip_feb": 0.0,
    "coal_ip_mar": 0.0,
    "coal_ip_apr": 0.0,
    "coal_ip_may": 0.0,
    "coal_ip_jun": 0.0,
    "coal_ip_jul": 0.0,
    "coal_ip_aug": 0.0,
    "coal_ip_sep": 0.0,
    "coal_ip_oct": 0.0,
    "coal_ip_nov": 0.0,
    "coal_ip_dec": 0.0,
    "diesel_heating_ip": 0.0,
    "diesel_cooling_ip": 0.0,
    "diesel_interior_lighting_ip": 0.0,
    "diesel_exterior_lighting_ip": 0.0,
    "diesel_interior_equipment_ip": 0.0,
    "diesel_exterior_equipment_ip": 0.0,
    "diesel_fans_ip": 0.0,
    "diesel_pumps_ip": 0.0,
    "diesel_heat_rejection_ip": 0.0,
    "diesel_humidification_ip": 0.0,
    "diesel_heat_recovery_ip": 0.0,
    "diesel_water_systems_ip": 0.0,
    "diesel_refrigeration_ip": 0.0,
    "diesel_generators_ip": 0.0,
    "diesel_ip": 0.0,
    "diesel_ip_jan": 0.0,
    "diesel_ip_feb": 0.0,
    "diesel_ip_mar": 0.0,
    "diesel_ip_apr": 0.0,
    "diesel_ip_may": 0.0,
    "diesel_ip_jun": 0.0,
    "diesel_ip_jul": 0.0,
    "diesel_ip_aug": 0.0,
    "diesel_ip_sep": 0.0,
    "diesel_ip_oct": 0.0,
    "diesel_ip_nov": 0.0,
    "diesel_ip_dec": 0.0,
    "gasoline_heating_ip": 0.0,
    "gasoline_cooling_ip": 0.0,
    "gasoline_interior_lighting_ip": 0.0,
    "gasoline_exterior_lighting_ip": 0.0,
    "gasoline_interior_equipment_ip": 0.0,
    "gasoline_exterior_equipment_ip": 0.0,
    "gasoline_fans_ip": 0.0,
    "gasoline_pumps_ip": 0.0,
    "gasoline_heat_rejection_ip": 0.0,
    "gasoline_humidification_ip": 0.0,
    "gasoline_heat_recovery_ip": 0.0,
    "gasoline_water_systems_ip": 0.0,
    "gasoline_refrigeration_ip": 0.0,
    "gasoline_generators_ip": 0.0,
    "gasoline_ip": 0.0,
    "gasoline_ip_jan": 0.0,
    "gasoline_ip_feb": 0.0,
    "gasoline_ip_mar": 0.0,
    "gasoline_ip_apr": 0.0,
    "gasoline_ip_may": 0.0,
    "gasoline_ip_jun": 0.0,
    "gasoline_ip_jul": 0.0,
    "gasoline_ip_aug": 0.0,
    "gasoline_ip_sep": 0.0,
    "gasoline_ip_oct": 0.0,
    "gasoline_ip_nov": 0.0,
    "gasoline_ip_dec": 0.0,
    "other_fuel_1_heating_ip": 0.0,
    "other_fuel_1_cooling_ip": 0.0,
    "other_fuel_1_interior_lighting_ip": 0.0,
    "other_fuel_1_exterior_lighting_ip": 0.0,
    "other_fuel_1_interior_equipment_ip": 0.0,
    "other_fuel_1_exterior_equipment_ip": 0.0,
    "other_fuel_1_fans_ip": 0.0,
    "other_fuel_1_pumps_ip": 0.0,
    "other_fuel_1_heat_rejection_ip": 0.0,
    "other_fuel_1_humidification_ip": 0.0,
    "other_fuel_1_heat_recovery_ip": 0.0,
    "other_fuel_1_water_systems_ip": 0.0,
    "other_fuel_1_refrigeration_ip": 0.0,
    "other_fuel_1_generators_ip": 0.0,
    "other_fuel_1_ip": 0.0,
    "other_fuel_1_ip_jan": 0.0,
    "other_fuel_1_ip_feb": 0.0,
    "other_fuel_1_ip_mar": 0.0,
    "other_fuel_1_ip_apr": 0.0,
    "other_fuel_1_ip_may": 0.0,
    "other_fuel_1_ip_jun": 0.0,
    "other_fuel_1_ip_jul": 0.0,
    "other_fuel_1_ip_aug": 0.0,
    "other_fuel_1_ip_sep": 0.0,
    "other_fuel_1_ip_oct": 0.0,
    "other_fuel_1_ip_nov": 0.0,
    "other_fuel_1_ip_dec": 0.0,
    "other_fuel_2_heating_ip": 0.0,
    "other_fuel_2_cooling_ip": 0.0,
    "other_fuel_2_interior_lighting_ip": 0.0,
    "other_fuel_2_exterior_lighting_ip": 0.0,
    "other_fuel_2_interior_equipment_ip": 0.0,
    "other_fuel_2_exterior_equipment_ip": 0.0,
    "other_fuel_2_fans_ip": 0.0,
    "other_fuel_2_pumps_ip": 0.0,
    "other_fuel_2_heat_rejection_ip": 0.0,
    "other_fuel_2_humidification_ip": 0.0,
    "other_fuel_2_heat_recovery_ip": 0.0,
    "other_fuel_2_water_systems_ip": 0.0,
    "other_fuel_2_refrigeration_ip": 0.0,
    "other_fuel_2_generators_ip": 0.0,
    "other_fuel_2_ip": 0.0,
    "other_fuel_2_ip_jan": 0.0,
    "other_fuel_2_ip_feb": 0.0,
    "other_fuel_2_ip_mar": 0.0,
    "other_fuel_2_ip_apr": 0.0,
    "other_fuel_2_ip_may": 0.0,
    "other_fuel_2_ip_jun": 0.0,
    "other_fuel_2_ip_jul": 0.0,
    "other_fuel_2_ip_aug": 0.0,
    "other_fuel_2_ip_sep": 0.0,
    "other_fuel_2_ip_oct": 0.0,
    "other_fuel_2_ip_nov": 0.0,
    "other_fuel_2_ip_dec": 0.0,
    "typical_iead_roof_highly_reflective_r_20_83": 187646.9999999997,
    "typical_insulated_exterior_mass_wall_r_8_13": 15031.908145674648,
    "u_0_62_shgc_0_25_dbl_ref_c_h_clr_6_mm_6_mm_air": 22.895297827265672,
    "gross_window_wall_ratio": 15.0,
    "gross_window_wall_ratio_conditioned": 15.0,
    "skylight_roof_ratio": 0.0,
    "space_type_small_office_whole_building_sm_office_90_1_2007": 187646.9999999997,
    "small_office_whole_building_sm_office_90_1_2007_service_water_use_1_71_gpm_at_140_f": 1.705261722862474,
    "zone_max_hours_over_70_rh": 453.0,
    "zone_max_hours_over_55_rh": 4244.0,
    "num_zones_x_hours_over_70": 9,
    "num_zones_x_hours_over_55": 9,
    "inflation_approach": "Constant Dollar",
    "analysis_length": 25,
    "number_of_measures_with_warnings": 0,
    "number_warnings": 0,
    "annual_peak_electric_demand": 402.94221000000005,
    "first_year_capital_cost": 0.0,
    "annual_utility_cost": 57638.15,
    "total_lifecycle_cost": 1003661.54,
    "applicable": true
  }
}