{
  "TariffSelectionGeneric": {
    "ElectricityPurchased:Facility": "Example_F",
    "Gas:Facility": "IN-EIAMonthlyRateGas",
    "applicable": true
  },
  "OpenStudioResults": {
    "units": "IP",
    "building_summary_section": true,
    "annual_overview_section": true,
    "monthly_overview_section": true,
    "utility_bills_rates_section": true,
    "envelope_section_section": true,
    "space_type_breakdown_section": true,
    "space_type_details_section": true,
    "interior_lighting_section": true,
    "plug_loads_section": true,
    "exterior_light_section": true,
    "water_use_section": true,
    "hvac_load_profile": true,
    "zone_condition_section": true,
    "zone_summary_section": true,
    "zone_equipment_detail_section": true,
    "air_loops_detail_section": true,
    "plant_loops_detail_section": true,
    "outdoor_air_section": true,
    "cost_summary_section": true,
    "source_energy_section": true,
    "schedules_overview_section": true,
    "measure_warning_section": true,
    "reg_monthly_details": true,
    "standards_gem_version": "0.2.13.rc3",
    "workflow_gem_version": "2.0.1",
    "building_name": "n/a",
    "total_site_energy": 13768105.227725683,
    "net_site_energy": 13768105.227725683,
    "total_building_area": 387638.01485936303,
    "total_site_eui": 35.51794380311442,
    "eui": 35.51794380311442,
    "unmet_hours_during_heating": 1025.5,
    "unmet_hours_during_cooling": 393.5,
    "unmet_hours_during_occupied_heating": 631.0,
    "unmet_hours_during_occupied_cooling": 380.25,
    "unmet_hours_tolerance_heating": 0.36,
    "unmet_hours_tolerance_cooling": 0.36,
    "end_use_electricity_heating_jan": 0.0,
    "end_use_electricity_heating_feb": 0.0,
    "end_use_electricity_heating_mar": 0.0,
    "end_use_electricity_heating_apr": 0.0,
    "end_use_electricity_heating_may": 0.0,
    "end_use_electricity_heating_jun": 0.0,
    "end_use_electricity_heating_jul": 0.0,
    "end_use_electricity_heating_aug": 0.0,
    "end_use_electricity_heating_sep": 0.0,
    "end_use_electricity_heating_oct": 0.0,
    "end_use_electricity_heating_nov": 0.0,
    "end_use_electricity_heating_dec": 0.0,
    "electricity_heating_ip": 0.0,
    "end_use_electricity_cooling_jan": 5163.083333333333,
    "end_use_electricity_cooling_feb": 7667.583333333333,
    "end_use_electricity_cooling_mar": 10448.527777777777,
    "end_use_electricity_cooling_apr": 14013.416666666666,
    "end_use_electricity_cooling_may": 18423.305555555555,
    "end_use_electricity_cooling_jun": 28555.833333333332,
    "end_use_electricity_cooling_jul": 33921.666666666664,
    "end_use_electricity_cooling_aug": 34393.61111111111,
    "end_use_electricity_cooling_sep": 36610.833333333336,
    "end_use_electricity_cooling_oct": 28857.5,
    "end_use_electricity_cooling_nov": 12256.194444444443,
    "end_use_electricity_cooling_dec": 4519.138888888889,
    "electricity_cooling_ip": 234830.69444444447,
    "end_use_electricity_interior_lighting_jan": 87811.38888888889,
    "end_use_electricity_interior_lighting_feb": 77583.33333333333,
    "end_use_electricity_interior_lighting_mar": 83341.66666666667,
    "end_use_electricity_interior_lighting_apr": 84401.94444444445,
    "end_use_electricity_interior_lighting_may": 87811.38888888889,
    "end_use_electricity_interior_lighting_jun": 79932.22222222222,
    "end_use_electricity_interior_lighting_jul": 87811.38888888889,
    "end_use_electricity_interior_lighting_aug": 86285.83333333333,
    "end_use_electricity_interior_lighting_sep": 81457.77777777778,
    "end_use_electricity_interior_lighting_oct": 87811.38888888889,
    "end_use_electricity_interior_lighting_nov": 82876.38888888889,
    "end_use_electricity_interior_lighting_dec": 84867.22222222222,
    "electricity_interior_lighting_ip": 1011991.9444444445,
    "electricity_exterior_lighting_ip": 0.0,
    "end_use_electricity_interior_equipment_jan": 108440.0,
    "end_use_electricity_interior_equipment_feb": 97015.0,
    "end_use_electricity_interior_equipment_mar": 106035.27777777778,
    "end_use_electricity_interior_equipment_apr": 104631.66666666667,
    "end_use_electricity_interior_equipment_may": 108440.0,
    "end_use_electricity_interior_equipment_jun": 102226.66666666667,
    "end_use_electricity_interior_equipment_jul": 108440.0,
    "end_use_electricity_interior_equipment_aug": 107750.27777777778,
    "end_use_electricity_interior_equipment_sep": 102916.66666666667,
    "end_use_electricity_interior_equipment_oct": 108440.0,
    "end_use_electricity_interior_equipment_nov": 103941.94444444445,
    "end_use_electricity_interior_equipment_dec": 106725.0,
    "electricity_interior_equipment_ip": 1265002.5,
    "electricity_exterior_equipment_ip": 0.0,
    "end_use_electricity_fans_jan": 19207.861111111113,
    "end_use_electricity_fans_feb": 16645.75,
    "end_use_electricity_fans_mar": 16879.055555555555,
    "end_use_electricity_fans_apr": 16983.0,
    "end_use_electricity_fans_may": 16660.75,
    "end_use_electricity_fans_jun": 15639.52777777778,
    "end_use_electricity_fans_jul": 16606.305555555555,
    "end_use_electricity_fans_aug": 17062.055555555555,
    "end_use_electricity_fans_sep": 16125.944444444445,
    "end_use_electricity_fans_oct": 17189.944444444445,
    "end_use_electricity_fans_nov": 17530.694444444445,
    "end_use_electricity_fans_dec": 18384.888888888887,
    "electricity_fans_ip": 204915.77777777778,
    "end_use_electricity_pumps_jan": 846.4527777777778,
    "end_use_electricity_pumps_feb": 554.35,
    "end_use_electricity_pumps_mar": 495.8416666666667,
    "end_use_electricity_pumps_apr": 389.62222222222226,
    "end_use_electricity_pumps_may": 286.7416666666667,
    "end_use_electricity_pumps_jun": 203.99361111111114,
    "end_use_electricity_pumps_jul": 206.98000000000002,
    "end_use_electricity_pumps_aug": 229.50305555555556,
    "end_use_electricity_pumps_sep": 229.39388888888888,
    "end_use_electricity_pumps_oct": 321.0055555555556,
    "end_use_electricity_pumps_nov": 539.9444444444445,
    "end_use_electricity_pumps_dec": 839.5638888888889,
    "electricity_pumps_ip": 5143.392777777778,
    "electricity_heat_rejection_ip": 0.0,
    "electricity_humidification_ip": 0.0,
    "electricity_heat_recovery_ip": 0.0,
    "electricity_water_systems_ip": 0.0,
    "electricity_refrigeration_ip": 0.0,
    "electricity_generators_ip": 0.0,
    "electricity_ip": 2721884.3094444447,
    "electricity_ip_jan": 221468.7861111111,
    "electricity_ip_feb": 199466.01666666666,
    "electricity_ip_mar": 217200.36944444446,
    "electricity_ip_apr": 220419.65,
    "electricity_ip_may": 231622.1861111111,
    "electricity_ip_jun": 226558.2436111111,
    "electricity_ip_jul": 246986.3411111111,
    "electricity_ip_aug": 245721.28083333335,
    "electricity_ip_sep": 237340.6161111111,
    "electricity_ip_oct": 242619.8388888889,
    "electricity_ip_nov": 217145.16666666666,
    "electricity_ip_dec": 215335.8138888889,
    "natural_gas_heating_ip": 0.0,
    "natural_gas_cooling_ip": 0.0,
    "natural_gas_interior_lighting_ip": 0.0,
    "natural_gas_exterior_lighting_ip": 0.0,
    "natural_gas_interior_equipment_ip": 0.0,
    "natural_gas_exterior_equipment_ip": 0.0,
    "natural_gas_fans_ip": 0.0,
    "natural_gas_pumps_ip": 0.0,
    "natural_gas_heat_rejection_ip": 0.0,
    "natural_gas_humidification_ip": 0.0,
    "natural_gas_heat_recovery_ip": 0.0,
    "natural_gas_water_systems_ip": 0.0,
    "natural_gas_refrigeration_ip": 0.0,
    "natural_gas_generators_ip": 0.0,
    "natural_gas_ip": 0.0,
    "natural_gas_ip_jan": 0.0,
    "natural_gas_ip_feb": 0.0,
    "natural_gas_ip_mar": 0.0,
    "natural_gas_ip_apr": 0.0,
    "natural_gas_ip_may": 0.0,
    "natural_gas_ip_jun": 0.0,
    "natural_gas_ip_jul": 0.0,
    "natural_gas_ip_aug": 0.0,
    "natural_gas_ip_sep": 0.0,
    "natural_gas_ip_oct": 0.0,
    "natural_gas_ip_nov": 0.0,
    "natural_gas_ip_dec": 0.0,
    "fuel_oil_no_1_heating_ip": 0.0,
    "fuel_oil_no_1_cooling_ip": 0.0,
    "fuel_oil_no_1_interior_lighting_ip": 0.0,
    "fuel_oil_no_1_exterior_lighting_ip": 0.0,
    "fuel_oil_no_1_interior_equipment_ip": 0.0,
    "fuel_oil_no_1_exterior_equipment_ip": 0.0,
    "fuel_oil_no_1_fans_ip": 0.0,
    "fuel_oil_no_1_pumps_ip": 0.0,
    "fuel_oil_no_1_heat_rejection_ip": 0.0,
    "fuel_oil_no_1_humidification_ip": 0.0,
    "fuel_oil_no_1_heat_recovery_ip": 0.0,
    "fuel_oil_no_1_water_systems_ip": 0.0,
    "fuel_oil_no_1_refrigeration_ip": 0.0,
    "fuel_oil_no_1_generators_ip": 0.0,
    "fuel_oil_no_1_ip": 0.0,
    "fuel_oil_no_1_ip_jan": 0.0,
    "fuel_oil_no_1_ip_feb": 0.0,
    "fuel_oil_no_1_ip_mar": 0.0,
    "fuel_oil_no_1_ip_apr": 0.0,
    "fuel_oil_no_1_ip_may": 0.0,
    "fuel_oil_no_1_ip_jun": 0.0,
    "fuel_oil_no_1_ip_jul": 0.0,
    "fuel_oil_no_1_ip_aug": 0.0,
    "fuel_oil_no_1_ip_sep": 0.0,
    "fuel_oil_no_1_ip_oct": 0.0,
    "fuel_oil_no_1_ip_nov": 0.0,
    "fuel_oil_no_1_ip_dec": 0.0,
    "fuel_oil_no_2_heating_ip": 0.0,
    "fuel_oil_no_2_cooling_ip": 0.0,
    "fuel_oil_no_2_interior_lighting_ip": 0.0,
    "fuel_oil_no_2_exterior_lighting_ip": 0.0,
    "fuel_oil_no_2_interior_equipment_ip": 0.0,
    "fuel_oil_no_2_exterior_equipment_ip": 0.0,
    "fuel_oil_no_2_fans_ip": 0.0,
    "fuel_oil_no_2_pumps_ip": 0.0,
    "fuel_oil_no_2_heat_rejection_ip": 0.0,
    "fuel_oil_no_2_humidification_ip": 0.0,
    "fuel_oil_no_2_heat_recovery_ip": 0.0,
    "fuel_oil_no_2_water_systems_ip": 0.0,
    "fuel_oil_no_2_refrigeration_ip": 0.0,
    "fuel_oil_no_2_generators_ip": 0.0,
    "fuel_oil_no_2_ip": 0.0,
    "fuel_oil_no_2_ip_jan": 0.0,
    "fuel_oil_no_2_ip_feb": 0.0,
    "fuel_oil_no_2_ip_mar": 0.0,
    "fuel_oil_no_2_ip_apr": 0.0,
    "fuel_oil_no_2_ip_may": 0.0,
    "fuel_oil_no_2_ip_jun": 0.0,
    "fuel_oil_no_2_ip_jul": 0.0,
    "fuel_oil_no_2_ip_aug": 0.0,
    "fuel_oil_no_2_ip_sep": 0.0,
    "fuel_oil_no_2_ip_oct": 0.0,
    "fuel_oil_no_2_ip_nov": 0.0,
    "fuel_oil_no_2_ip_dec": 0.0,
    "propane_heating_ip": 0.0,
    "propane_cooling_ip": 0.0,
    "propane_interior_lighting_ip": 0.0,
    "propane_exterior_lighting_ip": 0.0,
    "propane_interior_equipment_ip": 0.0,
    "propane_exterior_equipment_ip": 0.0,
    "propane_fans_ip": 0.0,
    "propane_pumps_ip": 0.0,
    "propane_heat_rejection_ip": 0.0,
    "propane_humidification_ip": 0.0,
    "propane_heat_recovery_ip": 0.0,
    "propane_water_systems_ip": 0.0,
    "propane_refrigeration_ip": 0.0,
    "propane_generators_ip": 0.0,
    "propane_ip": 0.0,
    "propane_ip_jan": 0.0,
    "propane_ip_feb": 0.0,
    "propane_ip_mar": 0.0,
    "propane_ip_apr": 0.0,
    "propane_ip_may": 0.0,
    "propane_ip_jun": 0.0,
    "propane_ip_jul": 0.0,
    "propane_ip_aug": 0.0,
    "propane_ip_sep": 0.0,
    "propane_ip_oct": 0.0,
    "propane_ip_nov": 0.0,
    "propane_ip_dec": 0.0,
    "district_cooling_heating_ip": 0.0,
    "district_cooling_cooling_ip": 0.0,
    "district_cooling_interior_lighting_ip": 0.0,
    "district_cooling_exterior_lighting_ip": 0.0,
    "district_cooling_interior_equipment_ip": 0.0,
    "district_cooling_exterior_equipment_ip": 0.0,
    "district_cooling_fans_ip": 0.0,
    "district_cooling_pumps_ip": 0.0,
    "district_cooling_heat_rejection_ip": 0.0,
    "district_cooling_humidification_ip": 0.0,
    "district_cooling_heat_recovery_ip": 0.0,
    "district_cooling_water_systems_ip": 0.0,
    "district_cooling_refrigeration_ip": 0.0,
    "district_cooling_generators_ip": 0.0,
    "district_cooling_ip": 0.0,
    "district_cooling_ip_jan": 0.0,
    "district_cooling_ip_feb": 0.0,
    "district_cooling_ip_mar": 0.0,
    "district_cooling_ip_apr": 0.0,
    "district_cooling_ip_may": 0.0,
    "district_cooling_ip_jun": 0.0,
    "district_cooling_ip_jul": 0.0,
    "district_cooling_ip_aug": 0.0,
    "district_cooling_ip_sep": 0.0,
    "district_cooling_ip_oct": 0.0,
    "district_cooling_ip_nov": 0.0,
    "district_cooling_ip_dec": 0.0,
    "district_heating_heating_ip": 0.0,
    "district_heating_cooling_ip": 0.0,
    "district_heating_interior_lighting_ip": 0.0,
    "district_heating_exterior_lighting_ip": 0.0,
    "district_heating_interior_equipment_ip": 0.0,
    "district_heating_exterior_equipment_ip": 0.0,
    "district_heating_fans_ip": 0.0,
    "district_heating_pumps_ip": 0.0,
    "district_heating_heat_rejection_ip": 0.0,
    "district_heating_humidification_ip": 0.0,
    "district_heating_heat_recovery_ip": 0.0,
    "district_heating_water_systems_ip": 0.0,
    "district_heating_refrigeration_ip": 0.0,
    "district_heating_generators_ip": 0.0,
    "district_heating_ip": 0.0,
    "district_heating_ip_jan": 0.0,
    "district_heating_ip_feb": 0.0,
    "district_heating_ip_mar": 0.0,
    "district_heating_ip_apr": 0.0,
    "district_heating_ip_may": 0.0,
    "district_heating_ip_jun": 0.0,
    "district_heating_ip_jul": 0.0,
    "district_heating_ip_aug": 0.0,
    "district_heating_ip_sep": 0.0,
    "district_heating_ip_oct": 0.0,
    "district_heating_ip_nov": 0.0,
    "district_heating_ip_dec": 0.0,
    "water_heating_ip": 0.0,
    "water_cooling_ip": 0.0,
    "water_interior_lighting_ip": 0.0,
    "water_exterior_lighting_ip": 0.0,
    "water_interior_equipment_ip": 0.0,
    "water_exterior_equipment_ip": 0.0,
    "water_fans_ip": 0.0,
    "water_pumps_ip": 0.0,
    "water_heat_rejection_ip": 0.0,
    "water_humidification_ip": 0.0,
    "water_heat_recovery_ip": 0.0,
    "water_water_systems_ip": 0.0,
    "water_refrigeration_ip": 0.0,
    "water_generators_ip": 0.0,
    "water_ip": 0.0,
    "water_ip_jan": 0.0,
    "water_ip_feb": 0.0,
    "water_ip_mar": 0.0,
    "water_ip_apr": 0.0,
    "water_ip_may": 0.0,
    "water_ip_jun": 0.0,
    "water_ip_jul": 0.0,
    "water_ip_aug": 0.0,
    "water_ip_sep": 0.0,
    "water_ip_oct": 0.0,
    "water_ip_nov": 0.0,
    "water_ip_dec": 0.0,
    "fuel_oil_1_heating_ip": 0.0,
    "fuel_oil_1_cooling_ip": 0.0,
    "fuel_oil_1_interior_lighting_ip": 0.0,
    "fuel_oil_1_exterior_lighting_ip": 0.0,
    "fuel_oil_1_interior_equipment_ip": 0.0,
    "fuel_oil_1_exterior_equipment_ip": 0.0,
    "fuel_oil_1_fans_ip": 0.0,
    "fuel_oil_1_pumps_ip": 0.0,
    "fuel_oil_1_heat_rejection_ip": 0.0,
    "fuel_oil_1_humidification_ip": 0.0,
    "fuel_oil_1_heat_recovery_ip": 0.0,
    "fuel_oil_1_water_systems_ip": 0.0,
    "fuel_oil_1_refrigeration_ip": 0.0,
    "fuel_oil_1_generators_ip": 0.0,
    "fuel_oil_1_ip": 0.0,
    "fuel_oil_1_ip_jan": 0.0,
    "fuel_oil_1_ip_feb": 0.0,
    "fuel_oil_1_ip_mar": 0.0,
    "fuel_oil_1_ip_apr": 0.0,
    "fuel_oil_1_ip_may": 0.0,
    "fuel_oil_1_ip_jun": 0.0,
    "fuel_oil_1_ip_jul": 0.0,
    "fuel_oil_1_ip_aug": 0.0,
    "fuel_oil_1_ip_sep": 0.0,
    "fuel_oil_1_ip_oct": 0.0,
    "fuel_oil_1_ip_nov": 0.0,
    "fuel_oil_1_ip_dec": 0.0,
    "fuel_oil_2_heating_ip": 0.0,
    "fuel_oil_2_cooling_ip": 0.0,
    "fuel_oil_2_interior_lighting_ip": 0.0,
    "fuel_oil_2_exterior_lighting_ip": 0.0,
    "fuel_oil_2_interior_equipment_ip": 0.0,
    "fuel_oil_2_exterior_equipment_ip": 0.0,
    "fuel_oil_2_fans_ip": 0.0,
    "fuel_oil_2_pumps_ip": 0.0,
    "fuel_oil_2_heat_rejection_ip": 0.0,
    "fuel_oil_2_humidification_ip": 0.0,
    "fuel_oil_2_heat_recovery_ip": 0.0,
    "fuel_oil_2_water_systems_ip": 0.0,
    "fuel_oil_2_refrigeration_ip": 0.0,
    "fuel_oil_2_generators_ip": 0.0,
    "fuel_oil_2_ip": 0.0,
    "fuel_oil_2_ip_jan": 0.0,
    "fuel_oil_2_ip_feb": 0.0,
    "fuel_oil_2_ip_mar": 0.0,
    "fuel_oil_2_ip_apr": 0.0,
    "fuel_oil_2_ip_may": 0.0,
    "fuel_oil_2_ip_jun": 0.0,
    "fuel_oil_2_ip_jul": 0.0,
    "fuel_oil_2_ip_aug": 0.0,
    "fuel_oil_2_ip_sep": 0.0,
    "fuel_oil_2_ip_oct": 0.0,
    "fuel_oil_2_ip_nov": 0.0,
    "fuel_oil_2_ip_dec": 0.0,
    "propane_gas_heating_ip": 0.0,
    "propane_gas_cooling_ip": 0.0,
    "propane_gas_interior_lighting_ip": 0.0,
    "propane_gas_exterior_lighting_ip": 0.0,
    "propane_gas_interior_equipment_ip": 0.0,
    "propane_gas_exterior_equipment_ip": 0.0,
    "propane_gas_fans_ip": 0.0,
    "propane_gas_pumps_ip": 0.0,
    "propane_gas_heat_rejection_ip": 0.0,
    "propane_gas_humidification_ip": 0.0,
    "propane_gas_heat_recovery_ip": 0.0,
    "propane_gas_water_systems_ip": 0.0,
    "propane_gas_refrigeration_ip": 0.0,
    "propane_gas_generators_ip": 0.0,
    "propane_gas_ip": 0.0,
    "propane_gas_ip_jan": 0.0,
    "propane_gas_ip_feb": 0.0,
    "propane_gas_ip_mar": 0.0,
    "propane_gas_ip_apr": 0.0,
    "propane_gas_ip_may": 0.0,
    "propane_gas_ip_jun": 0.0,
    "propane_gas_ip_jul": 0.0,
    "propane_gas_ip_aug": 0.0,
    "propane_gas_ip_sep": 0.0,
    "propane_gas_ip_oct": 0.0,
    "propane_gas_ip_nov": 0.0,
    "propane_gas_ip_dec": 0.0,
    "coal_heating_ip": 0.0,
    "coal_cooling_ip": 0.0,
    "coal_interior_lighting_ip": 0.0,
    "coal_exterior_lighting_ip": 0.0,
    "coal_interior_equipment_ip": 0.0,
    "coal_exterior_equipment_ip": 0.0,
    "coal_fans_ip": 0.0,
    "coal_pumps_ip": 0.0,
    "coal_heat_rejection_ip": 0.0,
    "coal_humidification_ip": 0.0,
    "coal_heat_recovery_ip": 0.0,
    "coal_water_systems_ip": 0.0,
    "coal_refrigeration_ip": 0.0,
    "coal_generators_ip": 0.0,
    "coal_ip": 0.0,
    "coal_ip_jan": 0.0,
    "coal_ip_feb": 0.0,
    "coal_ip_mar": 0.0,
    "coal_ip_apr": 0.0,
    "coal_ip_may": 0.0,
    "coal_ip_jun": 0.0,
    "coal_ip_jul": 0.0,
    "coal_ip_aug": 0.0,
    "coal_ip_sep": 0.0,
    "coal_ip_oct": 0.0,
    "coal_ip_nov": 0.0,
    "coal_ip_dec": 0.0,
    "diesel_heating_ip": 0.0,
    "diesel_cooling_ip": 0.0,
    "diesel_interior_lighting_ip": 0.0,
    "diesel_exterior_lighting_ip": 0.0,
    "diesel_interior_equipment_ip": 0.0,
    "diesel_exterior_equipment_ip": 0.0,
    "diesel_fans_ip": 0.0,
    "diesel_pumps_ip": 0.0,
    "diesel_heat_rejection_ip": 0.0,
    "diesel_humidification_ip": 0.0,
    "diesel_heat_recovery_ip": 0.0,
    "diesel_water_systems_ip": 0.0,
    "diesel_refrigeration_ip": 0.0,
    "diesel_generators_ip": 0.0,
    "diesel_ip": 0.0,
    "diesel_ip_jan": 0.0,
    "diesel_ip_feb": 0.0,
    "diesel_ip_mar": 0.0,
    "diesel_ip_apr": 0.0,
    "diesel_ip_may": 0.0,
    "diesel_ip_jun": 0.0,
    "diesel_ip_jul": 0.0,
    "diesel_ip_aug": 0.0,
    "diesel_ip_sep": 0.0,
    "diesel_ip_oct": 0.0,
    "diesel_ip_nov": 0.0,
    "diesel_ip_dec": 0.0,
    "gasoline_heating_ip": 0.0,
    "gasoline_cooling_ip": 0.0,
    "gasoline_interior_lighting_ip": 0.0,
    "gasoline_exterior_lighting_ip": 0.0,
    "gasoline_interior_equipment_ip": 0.0,
    "gasoline_exterior_equipment_ip": 0.0,
    "gasoline_fans_ip": 0.0,
    "gasoline_pumps_ip": 0.0,
    "gasoline_heat_rejection_ip": 0.0,
    "gasoline_humidification_ip": 0.0,
    "gasoline_heat_recovery_ip": 0.0,
    "gasoline_water_systems_ip": 0.0,
    "gasoline_refrigeration_ip": 0.0,
    "gasoline_generators_ip": 0.0,
    "gasoline_ip": 0.0,
    "gasoline_ip_jan": 0.0,
    "gasoline_ip_feb": 0.0,
    "gasoline_ip_mar": 0.0,
    "gasoline_ip_apr": 0.0,
    "gasoline_ip_may": 0.0,
    "gasoline_ip_jun": 0.0,
    "gasoline_ip_jul": 0.0,
    "gasoline_ip_aug": 0.0,
    "gasoline_ip_sep": 0.0,
    "gasoline_ip_oct": 0.0,
    "gasoline_ip_nov": 0.0,
    "gasoline_ip_dec": 0.0,
    "other_fuel_1_heating_ip": 0.0,
    "other_fuel_1_cooling_ip": 0.0,
    "other_fuel_1_interior_lighting_ip": 0.0,
    "other_fuel_1_exterior_lighting_ip": 0.0,
    "other_fuel_1_interior_equipment_ip": 0.0,
    "other_fuel_1_exterior_equipment_ip": 0.0,
    "other_fuel_1_fans_ip": 0.0,
    "other_fuel_1_pumps_ip": 0.0,
    "other_fuel_1_heat_rejection_ip": 0.0,
    "other_fuel_1_humidification_ip": 0.0,
    "other_fuel_1_heat_recovery_ip": 0.0,
    "other_fuel_1_water_systems_ip": 0.0,
    "other_fuel_1_refrigeration_ip": 0.0,
    "other_fuel_1_generators_ip": 0.0,
    "other_fuel_1_ip": 0.0,
    "other_fuel_1_ip_jan": 0.0,
    "other_fuel_1_ip_feb": 0.0,
    "other_fuel_1_ip_mar": 0.0,
    "other_fuel_1_ip_apr": 0.0,
    "other_fuel_1_ip_may": 0.0,
    "other_fuel_1_ip_jun": 0.0,
    "other_fuel_1_ip_jul": 0.0,
    "other_fuel_1_ip_aug": 0.0,
    "other_fuel_1_ip_sep": 0.0,
    "other_fuel_1_ip_oct": 0.0,
    "other_fuel_1_ip_nov": 0.0,
    "other_fuel_1_ip_dec": 0.0,
    "other_fuel_2_heating_ip": 0.0,
    "other_fuel_2_cooling_ip": 0.0,
    "other_fuel_2_interior_lighting_ip": 0.0,
    "other_fuel_2_exterior_lighting_ip": 0.0,
    "other_fuel_2_interior_equipment_ip": 0.0,
    "other_fuel_2_exterior_equipment_ip": 0.0,
    "other_fuel_2_fans_ip": 0.0,
    "other_fuel_2_pumps_ip": 0.0,
    "other_fuel_2_heat_rejection_ip": 0.0,
    "other_fuel_2_humidification_ip": 0.0,
    "other_fuel_2_heat_recovery_ip": 0.0,
    "other_fuel_2_water_systems_ip": 0.0,
    "other_fuel_2_refrigeration_ip": 0.0,
    "other_fuel_2_generators_ip": 0.0,
    "other_fuel_2_ip": 0.0,
    "other_fuel_2_ip_jan": 0.0,
    "other_fuel_2_ip_feb": 0.0,
    "other_fuel_2_ip_mar": 0.0,
    "other_fuel_2_ip_apr": 0.0,
    "other_fuel_2_ip_may": 0.0,
    "other_fuel_2_ip_jun": 0.0,
    "other_fuel_2_ip_jul": 0.0,
    "other_fuel_2_ip_aug": 0.0,
    "other_fuel_2_ip_sep": 0.0,
    "other_fuel_2_ip_oct": 0.0,
    "other_fuel_2_ip_nov": 0.0,
    "other_fuel_2_ip_dec": 0.0,
    "typical_iead_roof_highly_reflective_r_20_83": 387637.99999999837,
    "typical_insulated_exterior_mass_wall_r_8_13": 22138.88283684007,
    "u_0_62_shgc_0_25_dbl_ref_c_h_clr_6_mm_6_mm_air": 94.11409918914511,
    "gross_window_wall_ratio": 33.0,
    "gross_window_wall_ratio_conditioned": 33.0,
    "skylight_roof_ratio": 0.0,
    "space_type_medium_office_whole_building_md_office_90_1_2007": 387637.99999999837,
    "medium_office_whole_building_md_office_90_1_2007_service_water_use_6_14_gpm_at_140_f": 6.144034832617358,
    "zone_max_hours_over_70_rh": 240.0,
    "zone_max_hours_over_55_rh": 3217.0,
    "num_zones_x_hours_over_70": 8,
    "num_zones_x_hours_over_55": 9,
    "inflation_approach": "Constant Dollar",
    "analysis_length": 25,
    "number_of_measures_with_warnings": 0,
    "number_warnings": 0,
    "annual_peak_electric_demand": 740.43896,
    "first_year_capital_cost": 0.0,
    "annual_utility_cost": 144434.66,
    "total_lifecycle_cost": 2515062.06,
    "applicable": true
  }
}