Time,ZONE SMALLOFFICE WHOLEBUILDING - SM OFFICE A  - STORY GROUND:CLIMATE ZONE 3 ANN HTG 99.6% CONDNS DB:Des Heat Load [W],ZONE SMALLOFFICE WHOLEBUILDING - SM OFFICE A  - STORY GROUND:CLIMATE ZONE 3 ANN CLG .4% CONDNS DB=>MWB:Des Sens Cool Load [W],ZONE SMALLOFFICE WHOLEBUILDING - SM OFFICE A  - STORY GROUND:CLIMATE ZONE 3 ANN HTG 99.6% CONDNS DB:Des Heat Mass Flow [kg/s],ZONE SMALLOFFICE WHOLEBUILDING - SM OFFICE A  - STORY GROUND:CLIMATE ZONE 3 ANN CLG .4% CONDNS DB=>MWB:Des Cool Mass Flow [kg/s],ZONE SMALLOFFICE WHOLEBUILDING - SM OFFICE A END_A - STORY GROUND:CLIMATE ZONE 3 ANN HTG 99.6% CONDNS DB:Des Heat Load [W],ZONE SMALLOFFICE WHOLEBUILDING - SM OFFICE A END_A - STORY GROUND:CLIMATE ZONE 3 ANN CLG .4% CONDNS DB=>MWB:Des Sens Cool Load [W],ZONE SMALLOFFICE WHOLEBUILDING - SM OFFICE A END_A - STORY GROUND:CLIMATE ZONE 3 ANN HTG 99.6% CONDNS DB:Des Heat Mass Flow [kg/s],ZONE SMALLOFFICE WHOLEBUILDING - SM OFFICE A END_A - STORY GROUND:CLIMATE ZONE 3 ANN CLG .4% CONDNS DB=>MWB:Des Cool Mass Flow [kg/s],ZONE SMALLOFFICE WHOLEBUILDING - SM OFFICE A END_B - STORY GROUND:CLIMATE ZONE 3 ANN HTG 99.6% CONDNS DB:Des Heat Load [W],ZONE SMALLOFFICE WHOLEBUILDING - SM OFFICE A END_B - STORY GROUND:CLIMATE ZONE 3 ANN CLG .4% CONDNS DB=>MWB:Des Sens Cool Load [W],ZONE SMALLOFFICE WHOLEBUILDING - SM OFFICE A END_B - STORY GROUND:CLIMATE ZONE 3 ANN HTG 99.6% CONDNS DB:Des Heat Mass Flow [kg/s],ZONE SMALLOFFICE WHOLEBUILDING - SM OFFICE A END_B - STORY GROUND:CLIMATE ZONE 3 ANN CLG .4% CONDNS DB=>MWB:Des Cool Mass Flow [kg/s],ZONE SMALLOFFICE WHOLEBUILDING - SM OFFICE B  - STORY GROUND:CLIMATE ZONE 3 ANN HTG 99.6% CONDNS DB:Des Heat Load [W],ZONE SMALLOFFICE WHOLEBUILDING - SM OFFICE B  - STORY GROUND:CLIMATE ZONE 3 ANN CLG .4% CONDNS DB=>MWB:Des Sens Cool Load [W],ZONE SMALLOFFICE WHOLEBUILDING - SM OFFICE B  - STORY GROUND:CLIMATE ZONE 3 ANN HTG 99.6% CONDNS DB:Des Heat Mass Flow [kg/s],ZONE SMALLOFFICE WHOLEBUILDING - SM OFFICE B  - STORY GROUND:CLIMATE ZONE 3 ANN CLG .4% CONDNS DB=>MWB:Des Cool Mass Flow [kg/s],ZONE SMALLOFFICE WHOLEBUILDING - SM OFFICE B END_A - STORY GROUND:CLIMATE ZONE 3 ANN HTG 99.6% CONDNS DB:Des Heat Load [W],ZONE SMALLOFFICE WHOLEBUILDING - SM OFFICE B END_A - STORY GROUND:CLIMATE ZONE 3 ANN CLG .4% CONDNS DB=>MWB:Des Sens Cool Load [W],ZONE SMALLOFFICE WHOLEBUILDING - SM OFFICE B END_A - STORY GROUND:CLIMATE ZONE 3 ANN HTG 99.6% CONDNS DB:Des Heat Mass Flow [kg/s],ZONE SMALLOFFICE WHOLEBUILDING - SM OFFICE B END_A - STORY GROUND:CLIMATE ZONE 3 ANN CLG .4% CONDNS DB=>MWB:Des Cool Mass Flow [kg/s],ZONE SMALLOFFICE WHOLEBUILDING - SM OFFICE B END_B - STORY GROUND:CLIMATE ZONE 3 ANN HTG 99.6% CONDNS DB:Des Heat Load [W],ZONE SMALLOFFICE WHOLEBUILDING - SM OFFICE B END_B - STORY GROUND:CLIMATE ZONE 3 ANN CLG .4% CONDNS DB=>MWB:Des Sens Cool Load [W],ZONE SMALLOFFICE WHOLEBUILDING - SM OFFICE B END_B - STORY GROUND:CLIMATE ZONE 3 ANN HTG 99.6% CONDNS DB:Des Heat Mass Flow [kg/s],ZONE SMALLOFFICE WHOLEBUILDING - SM OFFICE B END_B - STORY GROUND:CLIMATE ZONE 3 ANN CLG .4% CONDNS DB=>MWB:Des Cool Mass Flow [kg/s],ZONE SMALLOFFICE WHOLEBUILDING - SM OFFICE C  - STORY GROUND:CLIMATE ZONE 3 ANN HTG 99.6% CONDNS DB:Des Heat Load [W],ZONE SMALLOFFICE WHOLEBUILDING - SM OFFICE C  - STORY GROUND:CLIMATE ZONE 3 ANN CLG .4% CONDNS DB=>MWB:Des Sens Cool Load [W],ZONE SMALLOFFICE WHOLEBUILDING - SM OFFICE C  - STORY GROUND:CLIMATE ZONE 3 ANN HTG 99.6% CONDNS DB:Des Heat Mass Flow [kg/s],ZONE SMALLOFFICE WHOLEBUILDING - SM OFFICE C  - STORY GROUND:CLIMATE ZONE 3 ANN CLG .4% CONDNS DB=>MWB:Des Cool Mass Flow [kg/s],ZONE SMALLOFFICE WHOLEBUILDING - SM OFFICE C END_A - STORY GROUND:CLIMATE ZONE 3 ANN HTG 99.6% CONDNS DB:Des Heat Load [W],ZONE SMALLOFFICE WHOLEBUILDING - SM OFFICE C END_A - STORY GROUND:CLIMATE ZONE 3 ANN CLG .4% CONDNS DB=>MWB:Des Sens Cool Load [W],ZONE SMALLOFFICE WHOLEBUILDING - SM OFFICE C END_A - STORY GROUND:CLIMATE ZONE 3 ANN HTG 99.6% CONDNS DB:Des Heat Mass Flow [kg/s],ZONE SMALLOFFICE WHOLEBUILDING - SM OFFICE C END_A - STORY GROUND:CLIMATE ZONE 3 ANN CLG .4% CONDNS DB=>MWB:Des Cool Mass Flow [kg/s],ZONE SMALLOFFICE WHOLEBUILDING - SM OFFICE C END_B - STORY GROUND:CLIMATE ZONE 3 ANN HTG 99.6% CONDNS DB:Des Heat Load [W],ZONE SMALLOFFICE WHOLEBUILDING - SM OFFICE C END_B - STORY GROUND:CLIMATE ZONE 3 ANN CLG .4% CONDNS DB=>MWB:Des Sens Cool Load [W],ZONE SMALLOFFICE WHOLEBUILDING - SM OFFICE C END_B - STORY GROUND:CLIMATE ZONE 3 ANN HTG 99.6% CONDNS DB:Des Heat Mass Flow [kg/s],ZONE SMALLOFFICE WHOLEBUILDING - SM OFFICE C END_B - STORY GROUND:CLIMATE ZONE 3 ANN CLG .4% CONDNS DB=>MWB:Des Cool Mass Flow [kg/s]
00:15:00,1.401092E+04,4.569141E+03,4.755803E-01,4.029318E-01,6.792793E+02,1.877245E+02,2.305656E-02,1.655411E-02,6.790889E+02,1.684294E+02,2.305010E-02,1.485255E-02,1.257388E+05,8.166818E+04,4.268198E+00,7.202330E+00,9.080970E+03,3.296728E+03,3.082403E-01,2.907241E-01,9.076654E+03,2.947555E+03,3.080938E-01,2.599314E-01,1.400426E+04,3.601409E+03,4.753543E-01,3.175877E-01,6.790889E+02,1.517246E+02,2.305010E-02,1.337944E-02,6.788984E+02,1.332560E+02,2.304364E-02,1.175078E-02
00:30:00,1.400865E+04,4.500784E+03,4.755031E-01,3.969037E-01,6.791259E+02,1.833844E+02,2.305136E-02,1.617136E-02,6.789247E+02,1.641884E+02,2.304453E-02,1.447854E-02,1.257380E+05,8.135086E+04,4.268169E+00,7.174350E+00,9.079492E+03,3.249310E+03,3.081902E-01,2.865424E-01,9.074969E+03,2.902922E+03,3.080366E-01,2.559953E-01,1.400167E+04,3.545116E+03,4.752662E-01,3.126233E-01,6.789247E+02,1.480190E+02,2.304453E-02,1.305265E-02,6.787234E+02,1.296765E+02,2.303770E-02,1.143512E-02
00:45:00,1.400640E+04,4.434226E+03,4.754268E-01,3.910341E-01,6.789744E+02,1.791005E+02,2.304622E-02,1.579359E-02,6.787625E+02,1.600353E+02,2.303902E-02,1.411230E-02,1.257371E+05,8.104295E+04,4.268140E+00,7.147197E+00,9.078034E+03,3.202475E+03,3.081406E-01,2.824122E-01,9.073304E+03,2.859550E+03,3.079801E-01,2.521705E-01,1.399910E+04,3.490193E+03,4.751791E-01,3.077798E-01,6.787625E+02,1.443707E+02,2.303902E-02,1.273092E-02,6.785505E+02,1.261873E+02,2.303183E-02,1.112742E-02
01:00:00,1.400418E+04,4.369548E+03,4.753515E-01,3.853305E-01,6.788248E+02,1.748788E+02,2.304114E-02,1.542129E-02,6.786023E+02,1.559721E+02,2.303358E-02,1.375398E-02,1.257363E+05,8.074498E+04,4.268112E+00,7.120922E+00,9.076593E+03,3.156325E+03,3.080917E-01,2.783423E-01,9.071659E+03,2.817482E+03,3.079242E-01,2.484607E-01,1.399657E+04,3.436677E+03,4.750930E-01,3.030602E-01,6.786023E+02,1.407844E+02,2.303358E-02,1.241467E-02,6.783797E+02,1.227904E+02,2.302603E-02,1.082786E-02
01:15:00,1.400429E+04,4.309050E+03,4.753551E-01,3.799954E-01,6.788314E+02,1.708871E+02,2.304136E-02,1.506928E-02,6.786096E+02,1.521454E+02,2.303383E-02,1.341652E-02,1.257363E+05,8.045875E+04,4.268111E+00,7.095681E+00,9.076661E+03,3.112658E+03,3.080941E-01,2.744915E-01,9.071740E+03,2.778170E+03,3.079270E-01,2.449940E-01,1.399669E+04,3.386300E+03,4.750973E-01,2.986176E-01,6.786096E+02,1.374043E+02,2.303383E-02,1.211659E-02,6.783877E+02,1.196101E+02,2.302630E-02,1.054741E-02
01:30:00,1.400439E+04,4.251852E+03,4.753586E-01,3.749514E-01,6.788380E+02,1.670338E+02,2.304159E-02,1.472947E-02,6.786168E+02,1.484778E+02,2.303408E-02,1.309309E-02,1.257363E+05,8.018580E+04,4.268111E+00,7.071612E+00,9.076730E+03,3.070574E+03,3.080964E-01,2.707802E-01,9.071821E+03,2.741144E+03,3.079298E-01,2.417289E-01,1.399682E+04,3.338587E+03,4.751015E-01,2.944099E-01,6.786168E+02,1.341605E+02,2.303408E-02,1.183053E-02,6.783956E+02,1.165934E+02,2.302657E-02,1.028138E-02
01:45:00,1.400450E+04,4.197193E+03,4.753622E-01,3.701314E-01,6.788445E+02,1.633279E+02,2.304181E-02,1.440266E-02,6.786240E+02,1.449747E+02,2.303432E-02,1.278418E-02,1.257363E+05,7.992818E+04,4.268110E+00,7.048894E+00,9.076797E+03,3.030201E+03,3.080987E-01,2.672198E-01,9.071902E+03,2.705423E+03,3.079325E-01,2.385789E-01,1.399694E+04,3.293676E+03,4.751057E-01,2.904493E-01,6.786240E+02,1.310612E+02,2.303432E-02,1.155722E-02,6.784034E+02,1.137528E+02,2.302683E-02,1.003088E-02
02:00:00,1.400460E+04,4.144575E+03,4.753657E-01,3.654912E-01,6.788510E+02,1.597771E+02,2.304203E-02,1.408953E-02,6.786312E+02,1.416414E+02,2.303456E-02,1.249023E-02,1.257363E+05,7.968743E+04,4.268110E+00,7.027665E+00,9.076864E+03,2.991652E+03,3.081010E-01,2.638203E-01,9.071982E+03,2.671054E+03,3.079352E-01,2.355480E-01,1.399706E+04,3.251683E+03,4.751099E-01,2.867461E-01,6.786312E+02,1.281135E+02,2.303456E-02,1.129728E-02,6.784112E+02,1.110484E+02,2.302710E-02,9.792401E-03
02:15:00,1.400470E+04,4.092792E+03,4.753692E-01,3.609243E-01,6.788574E+02,1.563260E+02,2.304224E-02,1.378519E-02,6.786382E+02,1.384201E+02,2.303480E-02,1.220615E-02,1.257362E+05,7.946379E+04,4.268110E+00,7.007943E+00,9.076931E+03,2.954338E+03,3.081032E-01,2.605298E-01,9.072061E+03,2.637193E+03,3.079379E-01,2.325617E-01,1.399719E+04,3.211626E+03,4.751141E-01,2.832136E-01,6.786382E+02,1.252614E+02,2.303480E-02,1.104577E-02,6.784189E+02,1.084133E+02,2.302736E-02,9.560025E-03
02:30:00,1.400480E+04,4.041562E+03,4.753726E-01,3.564061E-01,6.788638E+02,1.529762E+02,2.304246E-02,1.348979E-02,6.786452E+02,1.353108E+02,2.303504E-02,1.193196E-02,1.257362E+05,7.925614E+04,4.268110E+00,6.989633E+00,9.076997E+03,2.918285E+03,3.081055E-01,2.573504E-01,9.072140E+03,2.603601E+03,3.079406E-01,2.295990E-01,1.399731E+04,3.173478E+03,4.751182E-01,2.798495E-01,6.786452E+02,1.225070E+02,2.303504E-02,1.080287E-02,6.784266E+02,1.058391E+02,2.302762E-02,9.333018E-03
02:45:00,1.400491E+04,3.991627E+03,4.753761E-01,3.520019E-01,6.788701E+02,1.497290E+02,2.304267E-02,1.320343E-02,6.786521E+02,1.323137E+02,2.303528E-02,1.166767E-02,1.257363E+05,7.906305E+04,4.268110E+00,6.972606E+00,9.077063E+03,2.883506E+03,3.081077E-01,2.542834E-01,9.072218E+03,2.571228E+03,3.079432E-01,2.267437E-01,1.399743E+04,3.137198E+03,4.751223E-01,2.766500E-01,6.786521E+02,1.198515E+02,2.303528E-02,1.056870E-02,6.784342E+02,1.033141E+02,2.302788E-02,9.110346E-03
03:00:00,1.400501E+04,3.943428E+03,4.753795E-01,3.477509E-01,6.788763E+02,1.465854E+02,2.304288E-02,1.292622E-02,6.786590E+02,1.294288E+02,2.303551E-02,1.141326E-02,1.257363E+05,7.888332E+04,4.268110E+00,6.956758E+00,9.077128E+03,2.850015E+03,3.081099E-01,2.513299E-01,9.072295E+03,2.539976E+03,3.079458E-01,2.239874E-01,1.399755E+04,3.102750E+03,4.751263E-01,2.736122E-01,6.786590E+02,1.172970E+02,2.303551E-02,1.034343E-02,6.784417E+02,1.008780E+02,2.302813E-02,8.895506E-03
03:15:00,1.400510E+04,3.895959E+03,4.753828E-01,3.435645E-01,6.788825E+02,1.434835E+02,2.304309E-02,1.265268E-02,6.786658E+02,1.265932E+02,2.303574E-02,1.116320E-02,1.257363E+05,7.871515E+04,4.268111E+00,6.941929E+00,9.077192E+03,2.817149E+03,3.081121E-01,2.484317E-01,9.072371E+03,2.509238E+03,3.079484E-01,2.212766E-01,1.399766E+04,3.069026E+03,4.751303E-01,2.706382E-01,6.786658E+02,1.147844E+02,2.303574E-02,1.012186E-02,6.784491E+02,9.847183E+01,2.302838E-02,8.683313E-03
03:30:00,1.400520E+04,3.849143E+03,4.753862E-01,3.394357E-01,6.788886E+02,1.404203E+02,2.304330E-02,1.238254E-02,6.786725E+02,1.238032E+02,2.303597E-02,1.091716E-02,1.257363E+05,7.855601E+04,4.268111E+00,6.927897E+00,9.077256E+03,2.784902E+03,3.081142E-01,2.455880E-01,9.072447E+03,2.478941E+03,3.079510E-01,2.186046E-01,1.399778E+04,3.035909E+03,4.751343E-01,2.677179E-01,6.786725E+02,1.123199E+02,2.303597E-02,9.904535E-03,6.784564E+02,9.609488E+01,2.302863E-02,8.473699E-03
03:45:00,1.400530E+04,3.802883E+03,4.753895E-01,3.353560E-01,6.788946E+02,1.373925E+02,2.304351E-02,1.211554E-02,6.786792E+02,1.210554E+02,2.303619E-02,1.067485E-02,1.257363E+05,7.840353E+04,4.268112E+00,6.914451E+00,9.077319E+03,2.753308E+03,3.081164E-01,2.428019E-01,9.072522E+03,2.449022E+03,3.079536E-01,2.159661E-01,1.399790E+04,3.003292E+03,4.751382E-01,2.648414E-01,6.786792E+02,1.098506E+02,2.303619E-02,9.686779E-03,6.784637E+02,9.374365E+01,2.302888E-02,8.266355E-03
04:00:00,1.400540E+04,3.757100E+03,4.753927E-01,3.313184E-01,6.789006E+02,1.343978E+02,2.304371E-02,1.185145E-02,6.786858E+02,1.183473E+02,2.303642E-02,1.043604E-02,1.257363E+05,7.825586E+04,4.268112E+00,6.901430E+00,9.077381E+03,2.722014E+03,3.081185E-01,2.400423E-01,9.072596E+03,2.419427E+03,3.079561E-01,2.133561E-01,1.399801E+04,2.971092E+03,4.751421E-01,2.620019E-01,6.786858E+02,1.073759E+02,2.303642E-02,9.468547E-03,6.784709E+02,9.141544E+01,2.302913E-02,8.061040E-03
04:15:00,1.400549E+04,3.712815E+03,4.753960E-01,3.274128E-01,6.789065E+02,1.314974E+02,2.304391E-02,1.159568E-02,6.786923E+02,1.157405E+02,2.303664E-02,1.020616E-02,1.257363E+05,7.811258E+04,4.268113E+00,6.888795E+00,9.077443E+03,2.691242E+03,3.081206E-01,2.373286E-01,9.072670E+03,2.390814E+03,3.079586E-01,2.108327E-01,1.399813E+04,2.940345E+03,4.751459E-01,2.592905E-01,6.786923E+02,1.049477E+02,2.303664E-02,9.254415E-03,6.784780E+02,8.917157E+01,2.302937E-02,7.863164E-03
04:30:00,1.400559E+04,3.670078E+03,4.753992E-01,3.236439E-01,6.789123E+02,1.286940E+02,2.304411E-02,1.134845E-02,6.786987E+02,1.132383E+02,2.303686E-02,9.985510E-03,1.257364E+05,7.797467E+04,4.268114E+00,6.876635E+00,9.077504E+03,2.660916E+03,3.081227E-01,2.346540E-01,9.072743E+03,2.363214E+03,3.079610E-01,2.083987E-01,1.399824E+04,2.911209E+03,4.751498E-01,2.567211E-01,6.786987E+02,1.025566E+02,2.303686E-02,9.043545E-03,6.784851E+02,8.701439E+01,2.302961E-02,7.672934E-03
04:45:00,1.400568E+04,3.628961E+03,4.754023E-01,3.200178E-01,6.789181E+02,1.259907E+02,2.304430E-02,1.111007E-02,6.787051E+02,1.108480E+02,2.303707E-02,9.774723E-03,1.257364E+05,7.784346E+04,4.268114E+00,6.865065E+00,9.077565E+03,2.630917E+03,3.081247E-01,2.320082E-01,9.072815E+03,2.336670E+03,3.079635E-01,2.060578E-01,1.399835E+04,2.883568E+03,4.751535E-01,2.542835E-01,6.787051E+02,1.002524E+02,2.303707E-02,8.840334E-03,6.784921E+02,8.494682E+01,2.302984E-02,7.490606E-03
05:00:00,1.400577E+04,3.589525E+03,4.754055E-01,3.165400E-01,6.789239E+02,1.233907E+02,2.304450E-02,1.088079E-02,6.787114E+02,1.085443E+02,2.303729E-02,9.571569E-03,1.257364E+05,7.772006E+04,4.268115E+00,6.854183E+00,9.077625E+03,2.601540E+03,3.081268E-01,2.294173E-01,9.072886E+03,2.311222E+03,3.079659E-01,2.038135E-01,1.399846E+04,2.857704E+03,4.751572E-01,2.520028E-01,6.787114E+02,9.803222E+01,2.303729E-02,8.644546E-03,6.784990E+02,8.297142E+01,2.303008E-02,7.316406E-03
05:15:00,1.050436E+04,2.677402E+03,3.565553E-01,2.361049E-01,5.091950E+02,9.157087E+01,1.728345E-02,8.074862E-03,5.090359E+02,8.055131E+01,1.727805E-02,7.103114E-03,9.430231E+04,5.824440E+04,3.201087E+00,5.136613E+00,6.808241E+03,1.940157E+03,2.310958E-01,1.710929E-01,6.804691E+03,1.723905E+03,2.309753E-01,1.520213E-01,1.049888E+04,2.133634E+03,3.563693E-01,1.881516E-01,5.090359E+02,7.269342E+01,1.727805E-02,6.410149E-03,5.088768E+02,6.148998E+01,1.727265E-02,5.422174E-03
05:30:00,7.002931E+03,1.775222E+03,2.377043E-01,1.565467E-01,3.394648E+02,6.040650E+01,1.152235E-02,5.326738E-03,3.393589E+02,5.313534E+01,1.151875E-02,4.685539E-03,6.286821E+04,3.880061E+04,2.134058E+00,3.421852E+00,4.538842E+03,1.286162E+03,1.540644E-01,1.134202E-01,4.536478E+03,1.143004E+03,1.539842E-01,1.007950E-01,6.999284E+03,1.416042E+03,2.375805E-01,1.248718E-01,3.393589E+02,4.791321E+01,1.151875E-02,4.225013E-03,3.392529E+02,4.050633E+01,1.151515E-02,3.571837E-03
05:45:00,3.501477E+03,8.828066E+02,1.188525E-01,7.784968E-02,1.697331E+02,2.988644E+01,5.761197E-03,2.635431E-03,1.696802E+02,2.627958E+01,5.759402E-03,2.317366E-03,3.143411E+04,1.938641E+04,1.067029E+00,1.709701E+00,2.269428E+03,6.394735E+02,7.703244E-02,5.639195E-02,2.268248E+03,5.684031E+02,7.699238E-02,5.012420E-02,3.499655E+03,7.049531E+02,1.187907E-01,6.216535E-02,1.696802E+02,2.368438E+01,5.759402E-03,2.088500E-03,1.696273E+02,2.001215E+01,5.757606E-03,1.764665E-03
06:00:00,0.000000E+00,0.000000E+00,0.000000E+00,0.000000E+00,0.000000E+00,0.000000E+00,0.000000E+00,0.000000E+00,0.000000E+00,0.000000E+00,0.000000E+00,0.000000E+00,0.000000E+00,0.000000E+00,0.000000E+00,0.000000E+00,0.000000E+00,0.000000E+00,0.000000E+00,0.000000E+00,0.000000E+00,0.000000E+00,0.000000E+00,0.000000E+00,0.000000E+00,0.000000E+00,0.000000E+00,0.000000E+00,0.000000E+00,0.000000E+00,0.000000E+00,0.000000E+00,0.000000E+00,0.000000E+00,0.000000E+00,0.000000E+00
06:15:00,0.000000E+00,0.000000E+00,0.000000E+00,0.000000E+00,2.835730E+00,0.000000E+00,8.134295E-05,0.000000E+00,2.784855E+00,0.000000E+00,7.988592E-05,0.000000E+00,0.000000E+00,0.000000E+00,0.000000E+00,0.000000E+00,0.000000E+00,0.000000E+00,0.000000E+00,0.000000E+00,0.000000E+00,0.000000E+00,0.000000E+00,0.000000E+00,0.000000E+00,0.000000E+00,0.000000E+00,0.000000E+00,2.784858E+00,0.000000E+00,7.988601E-05,0.000000E+00,2.733948E+00,0.000000E+00,7.842789E-05,0.000000E+00
06:30:00,8.504017E+03,2.457037E+03,2.613173E-01,1.991290E-01,3.659792E+02,7.160476E+01,1.125508E-02,5.880688E-03,3.659240E+02,1.364776E+02,1.125374E-02,1.100808E-02,8.723758E+04,5.946843E+04,2.736632E+00,4.650130E+00,5.500238E+03,1.707841E+03,1.690774E-01,1.372850E-01,5.499043E+03,3.239803E+03,1.690492E-01,2.539827E-01,8.502182E+03,2.260271E+03,2.612734E-01,1.846781E-01,3.659240E+02,6.717354E+01,1.125374E-02,5.556306E-03,3.658688E+02,1.302876E+02,1.125240E-02,1.057097E-02
06:45:00,1.331077E+04,3.524408E+03,4.261283E-01,2.940705E-01,6.253093E+02,1.137354E+02,2.012041E-02,9.617634E-03,6.252209E+02,2.267217E+02,2.011792E-02,1.899007E-02,1.198769E+05,7.741613E+04,3.859319E+00,6.258900E+00,8.624792E+03,2.468431E+03,2.762021E-01,2.049861E-01,8.622677E+03,4.966937E+03,2.761418E-01,4.070021E-01,1.330755E+04,3.213203E+03,4.260358E-01,2.693800E-01,6.252209E+02,1.042896E+02,2.011792E-02,8.845903E-03,6.251324E+02,2.146690E+02,2.011542E-02,1.803340E-02
07:00:00,1.930661E+04,5.210533E+03,6.296560E-01,4.427493E-01,9.059775E+02,1.714439E+02,2.964749E-02,1.470631E-02,9.058401E+02,3.438424E+02,2.964333E-02,2.931861E-02,1.825930E+05,1.141885E+05,5.988222E+00,9.501343E+00,1.251326E+04,3.655840E+03,4.081953E-01,3.096898E-01,1.250967E+04,7.363091E+03,4.080851E-01,6.183116E-01,1.930108E+04,4.723672E+03,6.294850E-01,4.025696E-01,9.058401E+02,1.554175E+02,2.964333E-02,1.335427E-02,9.057025E+02,3.248141E+02,2.963917E-02,2.774678E-02
07:15:00,2.335401E+04,6.437032E+03,7.670353E-01,5.509233E-01,1.113475E+03,2.184933E+02,3.670516E-02,1.885567E-02,1.113344E+03,4.524318E+02,3.670096E-02,3.889643E-02,2.139079E+05,1.363166E+05,7.051204E+00,1.145332E+01,1.514354E+04,4.515884E+03,4.974741E-01,3.855435E-01,1.513888E+04,9.467129E+03,4.973275E-01,8.039086E-01,2.334683E+04,5.806302E+03,7.668084E-01,4.980553E-01,1.113344E+03,1.969085E+02,3.670096E-02,1.701340E-02,1.113213E+03,4.272856E+02,3.669675E-02,3.678508E-02
07:30:00,1.875669E+04,5.282477E+03,6.383238E-01,4.666619E-01,9.488160E+02,1.968555E+02,3.226840E-02,1.738146E-02,9.486427E+02,4.320161E+02,3.226249E-02,3.812500E-02,1.596102E+05,1.002695E+05,5.432713E+00,8.868924E+00,1.218071E+04,3.709933E+03,4.145245E-01,3.277974E-01,1.217613E+04,8.447768E+03,4.143682E-01,7.457812E-01,1.874962E+04,4.691030E+03,6.380823E-01,4.143562E-01,9.486427E+02,1.737933E+02,3.226249E-02,1.534249E-02,9.484693E+02,4.061423E+02,3.225658E-02,3.584071E-02
07:45:00,1.772561E+04,5.599907E+03,6.016721E-01,4.938476E-01,8.793089E+02,2.083814E+02,2.984612E-02,1.837635E-02,8.791207E+02,4.646887E+02,2.983973E-02,4.098371E-02,1.594396E+05,1.061661E+05,5.412177E+00,9.363208E+00,1.150748E+04,3.886496E+03,3.906059E-01,3.427446E-01,1.150269E+04,9.028291E+03,3.904434E-01,7.962996E-01,1.771819E+04,4.938394E+03,6.014202E-01,4.355100E-01,8.791207E+02,1.836642E+02,2.983973E-02,1.619655E-02,8.789324E+02,4.369881E+02,2.983334E-02,3.854093E-02
08:00:00,1.541992E+04,5.405241E+03,5.234010E-01,4.767026E-01,7.825716E+02,2.086869E+02,2.656215E-02,1.840380E-02,7.823835E+02,4.774623E+02,2.655576E-02,4.211082E-02,1.289092E+05,9.386648E+04,4.375816E+00,8.279225E+00,1.001393E+04,3.676432E+03,3.399047E-01,3.242337E-01,1.000948E+04,9.021336E+03,3.397537E-01,7.957098E-01,1.541306E+04,4.691351E+03,5.231682E-01,4.137436E-01,7.823835E+02,1.825921E+02,2.655576E-02,1.610247E-02,7.821953E+02,4.476722E+02,2.654938E-02,3.948384E-02
08:15:00,1.500702E+04,5.801871E+03,5.093892E-01,5.116753E-01,7.521265E+02,2.248765E+02,2.552903E-02,1.983136E-02,7.519332E+02,5.056865E+02,2.552247E-02,4.459857E-02,1.296003E+05,9.692980E+04,4.399274E+00,8.549090E+00,9.741726E+03,3.840157E+03,3.306673E-01,3.386669E-01,9.737212E+03,9.375409E+03,3.305141E-01,8.269024E-01,1.500005E+04,4.944901E+03,5.091526E-01,4.360975E-01,7.519332E+02,1.945936E+02,2.552247E-02,1.716070E-02,7.517397E+02,4.710301E+02,2.551590E-02,4.154248E-02
08:30:00,1.469776E+04,6.272669E+03,4.988930E-01,5.531977E-01,7.307678E+02,2.439862E+02,2.480419E-02,2.151663E-02,7.305712E+02,5.330568E+02,2.479752E-02,4.701099E-02,1.285457E+05,9.948582E+04,4.363478E+00,8.774512E+00,9.537779E+03,4.012202E+03,3.237454E-01,3.538391E-01,9.533240E+03,9.667137E+03,3.235913E-01,8.525989E-01,1.469075E+04,5.214812E+03,4.986552E-01,4.599014E-01,7.305712E+02,2.076572E+02,2.479752E-02,1.831274E-02,7.303746E+02,4.919582E+02,2.479085E-02,4.338680E-02
08:45:00,1.449427E+04,6.824941E+03,4.919865E-01,6.019070E-01,7.161107E+02,2.657100E+02,2.430675E-02,2.343247E-02,7.159121E+02,5.597766E+02,2.430001E-02,4.936641E-02,1.278750E+05,1.024414E+05,4.340710E+00,9.035153E+00,9.403089E+03,4.201640E+03,3.191740E-01,3.705457E-01,9.398540E+03,9.910563E+03,3.190196E-01,8.740411E-01,1.448725E+04,5.512254E+03,4.917482E-01,4.861337E-01,7.159121E+02,2.215523E+02,2.430001E-02,1.953814E-02,7.157135E+02,5.102686E+02,2.429327E-02,4.500052E-02
09:00:00,1.435877E+04,7.443343E+03,4.873877E-01,6.564495E-01,7.059513E+02,2.897023E+02,2.396194E-02,2.554840E-02,7.057514E+02,5.852173E+02,2.395515E-02,5.160933E-02,1.274216E+05,1.056060E+05,4.325319E+00,9.314257E+00,9.313086E+03,4.404954E+03,3.161192E-01,3.884761E-01,9.308533E+03,1.009653E+04,3.159646E-01,8.904224E-01,1.435175E+04,5.831822E+03,4.871492E-01,5.143175E-01,7.057514E+02,2.362142E+02,2.395515E-02,2.083115E-02,7.055514E+02,5.256735E+02,2.394837E-02,4.635833E-02
09:15:00,1.426695E+04,8.101990E+03,4.842709E-01,7.145416E-01,6.988603E+02,3.152846E+02,2.372126E-02,2.780455E-02,6.986597E+02,6.078396E+02,2.371445E-02,5.360391E-02,1.270999E+05,1.088869E+05,4.314397E+00,9.603622E+00,9.251904E+03,4.620014E+03,3.140426E-01,4.074426E-01,9.247357E+03,1.020476E+04,3.138882E-01,8.999547E-01,1.425993E+04,6.170339E+03,4.840327E-01,5.441726E-01,6.986597E+02,2.516289E+02,2.371445E-02,2.219055E-02,6.984589E+02,5.373900E+02,2.370763E-02,4.739111E-02
09:30:00,1.420357E+04,8.784240E+03,4.821198E-01,7.747147E-01,6.938280E+02,3.417655E+02,2.355044E-02,3.013994E-02,6.936273E+02,6.278835E+02,2.354363E-02,5.537122E-02,1.268605E+05,1.122003E+05,4.306272E+00,9.895850E+00,9.209569E+03,4.838975E+03,3.126056E-01,4.267530E-01,9.205031E+03,1.024969E+04,3.124516E-01,9.039078E-01,1.419657E+04,6.515693E+03,4.818821E-01,5.746305E-01,6.936273E+02,2.672543E+02,2.354363E-02,2.356855E-02,6.934264E+02,5.458406E+02,2.353681E-02,4.813601E-02
09:45:00,1.415908E+04,9.473898E+03,4.806096E-01,8.355398E-01,6.902376E+02,3.686004E+02,2.342857E-02,3.250653E-02,6.900370E+02,6.450555E+02,2.342176E-02,5.688532E-02,1.266771E+05,1.154834E+05,4.300047E+00,1.018541E+01,9.179790E+03,5.057838E+03,3.115948E-01,4.460547E-01,9.175262E+03,1.023377E+04,3.114411E-01,9.024968E-01,1.415209E+04,6.861595E+03,4.803724E-01,6.051363E-01,6.900370E+02,2.828570E+02,2.342176E-02,2.494452E-02,6.898364E+02,5.510826E+02,2.341495E-02,4.859803E-02
10:00:00,1.412773E+04,1.015676E+04,4.795454E-01,8.957636E-01,6.876843E+02,3.953145E+02,2.334190E-02,3.486241E-02,6.874839E+02,6.590501E+02,2.333510E-02,5.811926E-02,1.265362E+05,1.186882E+05,4.295265E+00,1.046805E+01,9.158776E+03,5.273633E+03,3.108815E-01,4.650856E-01,9.154257E+03,1.015830E+04,3.107281E-01,8.958359E-01,1.412075E+04,7.203288E+03,4.793086E-01,6.352706E-01,6.874839E+02,2.982622E+02,2.333510E-02,2.630306E-02,6.872835E+02,5.531666E+02,2.332829E-02,4.878163E-02
10:15:00,1.410499E+04,1.082379E+04,4.787737E-01,9.545896E-01,6.858376E+02,4.213449E+02,2.327921E-02,3.715796E-02,6.856376E+02,6.704352E+02,2.327242E-02,5.912309E-02,1.264237E+05,1.217774E+05,4.291446E+00,1.074049E+01,9.143529E+03,5.478733E+03,3.103640E-01,4.831730E-01,9.139019E+03,1.004089E+04,3.102109E-01,8.854784E-01,1.409803E+04,7.528922E+03,4.785374E-01,6.639879E-01,6.856376E+02,3.128458E+02,2.327242E-02,2.758914E-02,6.854375E+02,5.526113E+02,2.326563E-02,4.873251E-02
10:30:00,1.408816E+04,1.146310E+04,4.782022E-01,1.010970E+00,6.844858E+02,4.464583E+02,2.323332E-02,3.937262E-02,6.842861E+02,6.783464E+02,2.322654E-02,5.982060E-02,1.263319E+05,1.247179E+05,4.288331E+00,1.099982E+01,9.132239E+03,5.674846E+03,3.099808E-01,5.004675E-01,9.127738E+03,9.868994E+03,3.098280E-01,8.703161E-01,1.408121E+04,7.840945E+03,4.779664E-01,6.915044E-01,6.842861E+02,3.268033E+02,2.322654E-02,2.881998E-02,6.840863E+02,5.490675E+02,2.321976E-02,4.841988E-02
10:45:00,1.407550E+04,1.206494E+04,4.777726E-01,1.064044E+00,6.834891E+02,4.703771E+02,2.319948E-02,4.148189E-02,6.832898E+02,6.825888E+02,2.319271E-02,6.019459E-02,1.262564E+05,1.274876E+05,4.285765E+00,1.124407E+01,9.123759E+03,5.861033E+03,3.096929E-01,5.168864E-01,9.119266E+03,9.643881E+03,3.095404E-01,8.504617E-01,1.406857E+04,8.137760E+03,4.775372E-01,7.176790E-01,6.832898E+02,3.400809E+02,2.319272E-02,2.999086E-02,6.830904E+02,5.426685E+02,2.318595E-02,4.785550E-02
11:00:00,1.406548E+04,1.263227E+04,4.774323E-01,1.114073E+00,6.827225E+02,4.928564E+02,2.317345E-02,4.346420E-02,6.825235E+02,6.831780E+02,2.316670E-02,6.024643E-02,1.261910E+05,1.300702E+05,4.283546E+00,1.147182E+01,9.117049E+03,6.036355E+03,3.094651E-01,5.323470E-01,9.112564E+03,9.371034E+03,3.093129E-01,8.263983E-01,1.405855E+04,8.417815E+03,4.771974E-01,7.423752E-01,6.825235E+02,3.526203E+02,2.316670E-02,3.109663E-02,6.823245E+02,5.338424E+02,2.315995E-02,4.707710E-02
11:15:00,1.405769E+04,1.316090E+04,4.771681E-01,1.160687E+00,6.821431E+02,5.134772E+02,2.315379E-02,4.528261E-02,6.819445E+02,6.801875E+02,2.314705E-02,5.998260E-02,1.261372E+05,1.324500E+05,4.281720E+00,1.168167E+01,9.111847E+03,6.198140E+03,3.092885E-01,5.466136E-01,9.107371E+03,9.059081E+03,3.091366E-01,7.988867E-01,1.405079E+04,8.676922E+03,4.769336E-01,7.652238E-01,6.819445E+02,3.642019E+02,2.314705E-02,3.211792E-02,6.817459E+02,5.227133E+02,2.314030E-02,4.609566E-02
11:30:00,1.405170E+04,1.364747E+04,4.769645E-01,1.203590E+00,6.817096E+02,5.322745E+02,2.313907E-02,4.694022E-02,6.815114E+02,6.742194E+02,2.313234E-02,5.945621E-02,1.260936E+05,1.346152E+05,4.280239E+00,1.187259E+01,9.107846E+03,6.345839E+03,3.091527E-01,5.596378E-01,9.103377E+03,8.726190E+03,3.090010E-01,7.695291E-01,1.404480E+04,8.914217E+03,4.767305E-01,7.861485E-01,6.815114E+02,3.747964E+02,2.313234E-02,3.305217E-02,6.813132E+02,5.097769E+02,2.312561E-02,4.495485E-02
11:45:00,1.404701E+04,1.409022E+04,4.768054E-01,1.242627E+00,6.813825E+02,5.491788E+02,2.312796E-02,4.843083E-02,6.811847E+02,6.662869E+02,2.312125E-02,5.875659E-02,1.260576E+05,1.365521E+05,4.279019E+00,1.204337E+01,9.104724E+03,6.478950E+03,3.090467E-01,5.713756E-01,9.100263E+03,8.396809E+03,3.088953E-01,7.404819E-01,1.404013E+04,9.128936E+03,4.765717E-01,8.050822E-01,6.811847E+02,3.843812E+02,2.312125E-02,3.389737E-02,6.809868E+02,4.959546E+02,2.311453E-02,4.373590E-02
12:00:00,1.404330E+04,1.447646E+04,4.766793E-01,1.276679E+00,6.811336E+02,5.640878E+02,2.311951E-02,4.974545E-02,6.809361E+02,6.578888E+02,2.311281E-02,5.801594E-02,1.260277E+05,1.382462E+05,4.278002E+00,1.219275E+01,9.102256E+03,6.597010E+03,3.089629E-01,5.817859E-01,9.097803E+03,8.094865E+03,3.088118E-01,7.138551E-01,1.403642E+04,9.320394E+03,4.764460E-01,8.219643E-01,6.809361E+02,3.929384E+02,2.311281E-02,3.465195E-02,6.807386E+02,4.824660E+02,2.310610E-02,4.254636E-02
12:15:00,1.404000E+04,1.480289E+04,4.765673E-01,1.305458E+00,6.809222E+02,5.772514E+02,2.311233E-02,5.090612E-02,6.807251E+02,6.513182E+02,2.310564E-02,5.743648E-02,1.259994E+05,1.396950E+05,4.277041E+00,1.232048E+01,9.100070E+03,6.703949E+03,3.088887E-01,5.912155E-01,9.095624E+03,7.862015E+03,3.087378E-01,6.933216E-01,1.403314E+04,9.491706E+03,4.763344E-01,8.370698E-01,6.807251E+02,4.007526E+02,2.310564E-02,3.534101E-02,6.805280E+02,4.716141E+02,2.309895E-02,4.158933E-02
12:30:00,1.403699E+04,1.506744E+04,4.764652E-01,1.328782E+00,6.807368E+02,5.899932E+02,2.310604E-02,5.202958E-02,6.805401E+02,6.478066E+02,2.309936E-02,5.712682E-02,1.259724E+05,1.409012E+05,4.276125E+00,1.242681E+01,9.098081E+03,6.832493E+03,3.088212E-01,6.025505E-01,9.093643E+03,7.717072E+03,3.086706E-01,6.805408E-01,1.403014E+04,9.643145E+03,4.762328E-01,8.504228E-01,6.805401E+02,4.093427E+02,2.309936E-02,3.609849E-02,6.803434E+02,4.647545E+02,2.309269E-02,4.098438E-02
12:45:00,1.403429E+04,1.526896E+04,4.763736E-01,1.346547E+00,6.805755E+02,6.040034E+02,2.310056E-02,5.326495E-02,6.803792E+02,6.472097E+02,2.309390E-02,5.707423E-02,1.259473E+05,1.418710E+05,4.275276E+00,1.251230E+01,9.096299E+03,7.017920E+03,3.087607E-01,6.189025E-01,9.091869E+03,7.651908E+03,3.086103E-01,6.747957E-01,1.402746E+04,9.775101E+03,4.761416E-01,8.620579E-01,6.803792E+02,4.203887E+02,2.309390E-02,3.707258E-02,6.801829E+02,4.618598E+02,2.308724E-02,4.072914E-02
13:00:00,1.403188E+04,1.540669E+04,4.762918E-01,1.358689E+00,6.804354E+02,6.206636E+02,2.309581E-02,5.473408E-02,6.802395E+02,6.486187E+02,2.308916E-02,5.719856E-02,1.259245E+05,1.426111E+05,4.274502E+00,1.257753E+01,9.094710E+03,7.285887E+03,3.087067E-01,6.425349E-01,9.090288E+03,7.652188E+03,3.085567E-01,6.748222E-01,1.402506E+04,9.887894E+03,4.760602E-01,8.720030E-01,6.802395E+02,4.351792E+02,2.308916E-02,3.837693E-02,6.800435E+02,4.621440E+02,2.308251E-02,4.075427E-02
13:15:00,1.402974E+04,1.547885E+04,4.762191E-01,1.365048E+00,6.803135E+02,6.408023E+02,2.309167E-02,5.651002E-02,6.801181E+02,6.501611E+02,2.308504E-02,5.733465E-02,1.259040E+05,1.431223E+05,4.273803E+00,1.262257E+01,9.093298E+03,7.649561E+03,3.086588E-01,6.746090E-01,9.088884E+03,7.680255E+03,3.085090E-01,6.772996E-01,1.402293E+04,9.980327E+03,4.759879E-01,8.801528E-01,6.801181E+02,4.544346E+02,2.308504E-02,4.007508E-02,6.799225E+02,4.638763E+02,2.307840E-02,4.090713E-02
13:30:00,1.402783E+04,1.548531E+04,4.761544E-01,1.365614E+00,6.802075E+02,6.635012E+02,2.308807E-02,5.851177E-02,6.800124E+02,6.505183E+02,2.308145E-02,5.736619E-02,1.258855E+05,1.434041E+05,4.273176E+00,1.264739E+01,9.092044E+03,8.083329E+03,3.086162E-01,7.128663E-01,9.087639E+03,7.710442E+03,3.084667E-01,6.799639E-01,1.402104E+04,1.005198E+04,4.759237E-01,8.864704E-01,6.800124E+02,4.771734E+02,2.308145E-02,4.208047E-02,6.798173E+02,4.658429E+02,2.307483E-02,4.108064E-02
13:45:00,1.402614E+04,1.542607E+04,4.760970E-01,1.360387E+00,6.801149E+02,6.873195E+02,2.308493E-02,6.061224E-02,6.799203E+02,6.492626E+02,2.307832E-02,5.725547E-02,1.258690E+05,1.434549E+05,4.272615E+00,1.265183E+01,9.090932E+03,8.561827E+03,3.085785E-01,7.550693E-01,9.086535E+03,7.735290E+03,3.084292E-01,6.821567E-01,1.401936E+04,1.010249E+04,4.758667E-01,8.909229E-01,6.799203E+02,5.019443E+02,2.307832E-02,4.426510E-02,6.797256E+02,4.676241E+02,2.307171E-02,4.123776E-02
14:00:00,1.402464E+04,1.530227E+04,4.760460E-01,1.349465E+00,6.800341E+02,7.109446E+02,2.308218E-02,6.269565E-02,6.798399E+02,6.461088E+02,2.307559E-02,5.697733E-02,1.258543E+05,1.432750E+05,4.272116E+00,1.263592E+01,9.089946E+03,9.068208E+03,3.085450E-01,7.997301E-01,9.085557E+03,7.750282E+03,3.083960E-01,6.834798E-01,1.401787E+04,1.013138E+04,4.758162E-01,8.934697E-01,6.798399E+02,5.273773E+02,2.307559E-02,4.650812E-02,6.796456E+02,4.689273E+02,2.306900E-02,4.135272E-02
14:15:00,1.402331E+04,1.511332E+04,4.760008E-01,1.332800E+00,6.799633E+02,7.331068E+02,2.307978E-02,6.465002E-02,6.797695E+02,6.407690E+02,2.307320E-02,5.650641E-02,1.258412E+05,1.428633E+05,4.271672E+00,1.259958E+01,9.089072E+03,9.581625E+03,3.085153E-01,8.450092E-01,9.084692E+03,7.751020E+03,3.083667E-01,6.835454E-01,1.401655E+04,1.013577E+04,4.757714E-01,8.938552E-01,6.797695E+02,5.528654E+02,2.307320E-02,4.875597E-02,6.795757E+02,4.694013E+02,2.306662E-02,4.139453E-02
14:30:00,1.402213E+04,1.486169E+04,4.759608E-01,1.310607E+00,6.799013E+02,7.528691E+02,2.307768E-02,6.639271E-02,6.797079E+02,6.331588E+02,2.307111E-02,5.583526E-02,1.258296E+05,1.422172E+05,4.271277E+00,1.254256E+01,9.088298E+03,1.008856E+04,3.084891E-01,8.897141E-01,9.083926E+03,7.735559E+03,3.083407E-01,6.821819E-01,1.401538E+04,1.011529E+04,4.757318E-01,8.920477E-01,6.797079E+02,5.776811E+02,2.307111E-02,5.094442E-02,6.795145E+02,4.688844E+02,2.306455E-02,4.134894E-02
14:45:00,1.402109E+04,1.455106E+04,4.759253E-01,1.283211E+00,6.798468E+02,7.695226E+02,2.307583E-02,6.786121E-02,6.796539E+02,6.232819E+02,2.306928E-02,5.496422E-02,1.258192E+05,1.413349E+05,4.270927E+00,1.246471E+01,9.087613E+03,1.057046E+04,3.084658E-01,9.322093E-01,9.083249E+03,7.702679E+03,3.083177E-01,6.792820E-01,1.401435E+04,1.006929E+04,4.756968E-01,8.879896E-01,6.796539E+02,6.012277E+02,2.306928E-02,5.302085E-02,6.794609E+02,4.672627E+02,2.306273E-02,4.120591E-02
15:00:00,1.402016E+04,1.418672E+04,4.758939E-01,1.251079E+00,6.797990E+02,7.825809E+02,2.307420E-02,6.901264E-02,6.796064E+02,6.112304E+02,2.306767E-02,5.390142E-02,1.258101E+05,1.402165E+05,4.270616E+00,1.236605E+01,9.087006E+03,1.100845E+04,3.084452E-01,9.708314E-01,9.082650E+03,7.651673E+03,3.082974E-01,6.747834E-01,1.401344E+04,9.997468E+03,4.756658E-01,8.816543E-01,6.796064E+02,6.231276E+02,2.306767E-02,5.495198E-02,6.794138E+02,4.644576E+02,2.306113E-02,4.095851E-02
15:15:00,1.401934E+04,1.377550E+04,4.758661E-01,1.214814E+00,6.797569E+02,7.916790E+02,2.307277E-02,6.981482E-02,6.795647E+02,5.971160E+02,2.306625E-02,5.265671E-02,1.258020E+05,1.388638E+05,4.270341E+00,1.224671E+01,9.086469E+03,1.139352E+04,3.084270E-01,1.004786E+00,9.082122E+03,7.581680E+03,3.082794E-01,6.686103E-01,1.401263E+04,9.898839E+03,4.756384E-01,8.729550E-01,6.795647E+02,6.423450E+02,2.306625E-02,5.664648E-02,6.793726E+02,4.603685E+02,2.305973E-02,4.059788E-02
15:30:00,1.401862E+04,1.333345E+04,4.758415E-01,1.175830E+00,6.797198E+02,7.975727E+02,2.307151E-02,7.033442E-02,6.795281E+02,5.811201E+02,2.306501E-02,5.124609E-02,1.257948E+05,1.372794E+05,4.270096E+00,1.210696E+01,9.085994E+03,1.173776E+04,3.084108E-01,1.035140E+00,9.081655E+03,7.487471E+03,3.082636E-01,6.603014E-01,1.401192E+04,9.765397E+03,4.756142E-01,8.611856E-01,6.795281E+02,6.590095E+02,2.306501E-02,5.811587E-02,6.793363E+02,4.544884E+02,2.305850E-02,4.007930E-02
15:45:00,1.401797E+04,1.285702E+04,4.758197E-01,1.133816E+00,6.796871E+02,7.995632E+02,2.307040E-02,7.050982E-02,6.794958E+02,5.633374E+02,2.306391E-02,4.967794E-02,1.257884E+05,1.354684E+05,4.269880E+00,1.194721E+01,9.085574E+03,1.202225E+04,3.083966E-01,1.060224E+00,9.081242E+03,7.372942E+03,3.082496E-01,6.502004E-01,1.401129E+04,9.603218E+03,4.755929E-01,8.468818E-01,6.794958E+02,6.723894E+02,2.306391E-02,5.929562E-02,6.793044E+02,4.471384E+02,2.305742E-02,3.943108E-02
16:00:00,1.401741E+04,1.235312E+04,4.758005E-01,1.089379E+00,6.796582E+02,7.976161E+02,2.306943E-02,7.033800E-02,6.794673E+02,5.440237E+02,2.306295E-02,4.797476E-02,1.257827E+05,1.334378E+05,4.269688E+00,1.176809E+01,9.085202E+03,1.224031E+04,3.083840E-01,1.079450E+00,9.080879E+03,7.239072E+03,3.082372E-01,6.383937E-01,1.401074E+04,9.413675E+03,4.755740E-01,8.301649E-01,6.794673E+02,6.821650E+02,2.306295E-02,6.015754E-02,6.792764E+02,4.383787E+02,2.305647E-02,3.865855E-02
16:15:00,1.401691E+04,1.183289E+04,4.757834E-01,1.043501E+00,6.796327E+02,7.920707E+02,2.306856E-02,6.984886E-02,6.794423E+02,5.237129E+02,2.306210E-02,4.618362E-02,1.257777E+05,1.312001E+05,4.269517E+00,1.157072E+01,9.084873E+03,1.238882E+04,3.083728E-01,1.092543E+00,9.080558E+03,7.089669E+03,3.082263E-01,6.252171E-01,1.401025E+04,9.202470E+03,4.755574E-01,8.115376E-01,6.794423E+02,6.883021E+02,2.306210E-02,6.069858E-02,6.792517E+02,4.285319E+02,2.305563E-02,3.779015E-02
16:30:00,1.401646E+04,1.129846E+04,4.757684E-01,9.963704E-01,6.796102E+02,7.821554E+02,2.306780E-02,6.897437E-02,6.794201E+02,5.027804E+02,2.306134E-02,4.433764E-02,1.257733E+05,1.287694E+05,4.269367E+00,1.135633E+01,9.084583E+03,1.244307E+04,3.083630E-01,1.097323E+00,9.080276E+03,6.930566E+03,3.082167E-01,6.111852E-01,1.400982E+04,8.978390E+03,4.755428E-01,7.917751E-01,6.794202E+02,6.899217E+02,2.306134E-02,6.084126E-02,6.792300E+02,4.181095E+02,2.305489E-02,3.687099E-02
16:45:00,1.401607E+04,1.077445E+04,4.757551E-01,9.501564E-01,6.795903E+02,7.687016E+02,2.306712E-02,6.778785E-02,6.794006E+02,4.818182E+02,2.306068E-02,4.248900E-02,1.257693E+05,1.261668E+05,4.269233E+00,1.112678E+01,9.084326E+03,1.240982E+04,3.083542E-01,1.094388E+00,9.080027E+03,6.758995E+03,3.082083E-01,5.960539E-01,1.400944E+04,8.736817E+03,4.755299E-01,7.704701E-01,6.794006E+02,6.870984E+02,2.306068E-02,6.059215E-02,6.792109E+02,4.068339E+02,2.305424E-02,3.587660E-02
17:00:00,1.401572E+04,1.027008E+04,4.757433E-01,9.056756E-01,6.795727E+02,7.522385E+02,2.306652E-02,6.633596E-02,6.793834E+02,4.609040E+02,2.306010E-02,4.064461E-02,1.257658E+05,1.234153E+05,4.269115E+00,1.088409E+01,9.084100E+03,1.229482E+04,3.083465E-01,1.084243E+00,9.079808E+03,6.570551E+03,3.082009E-01,5.794347E-01,1.400910E+04,8.470689E+03,4.755185E-01,7.469997E-01,6.793834E+02,6.797605E+02,2.306010E-02,5.994492E-02,6.791941E+02,3.942615E+02,2.305367E-02,3.476785E-02
17:15:00,1.401542E+04,9.807835E+03,4.757329E-01,8.649106E-01,6.795571E+02,7.327960E+02,2.306599E-02,6.462133E-02,6.793682E+02,4.409002E+02,2.305958E-02,3.888052E-02,1.257628E+05,1.205384E+05,4.269010E+00,1.063035E+01,9.083899E+03,1.208342E+04,3.083397E-01,1.065597E+00,9.079615E+03,6.369639E+03,3.081943E-01,5.617159E-01,1.400881E+04,8.193027E+03,4.755085E-01,7.225121E-01,6.793682E+02,6.676176E+02,2.305958E-02,5.887396E-02,6.791793E+02,3.809331E+02,2.305317E-02,3.359244E-02
17:30:00,1.401515E+04,9.389792E+03,4.757237E-01,8.280439E-01,6.795432E+02,7.100136E+02,2.306552E-02,6.261221E-02,6.793548E+02,4.219648E+02,2.305913E-02,3.721066E-02,1.257600E+05,1.175663E+05,4.268917E+00,1.036822E+01,9.083722E+03,1.176645E+04,3.083337E-01,1.037641E+00,9.079446E+03,6.158053E+03,3.081886E-01,5.430559E-01,1.400855E+04,7.922622E+03,4.754997E-01,6.986647E-01,6.793548E+02,6.508245E+02,2.305913E-02,5.739292E-02,6.791663E+02,3.674557E+02,2.305273E-02,3.240388E-02
17:45:00,1.401491E+04,9.007945E+03,4.757156E-01,7.943699E-01,6.795310E+02,6.831549E+02,2.306511E-02,6.024361E-02,6.793429E+02,4.039167E+02,2.305872E-02,3.561907E-02,1.257576E+05,1.145278E+05,4.268835E+00,1.010023E+01,9.083566E+03,1.133481E+04,3.083284E-01,9.995728E-01,9.079297E+03,5.937266E+03,3.081835E-01,5.235845E-01,1.400832E+04,7.670986E+03,4.754920E-01,6.764727E-01,6.793429E+02,6.293078E+02,2.305872E-02,5.549535E-02,6.791548E+02,3.542250E+02,2.305234E-02,3.123709E-02
18:00:00,1.401470E+04,8.655648E+03,4.757085E-01,7.633019E-01,6.795201E+02,6.507394E+02,2.306474E-02,5.738498E-02,6.793324E+02,3.868160E+02,2.305837E-02,3.411102E-02,1.257554E+05,1.114553E+05,4.268762E+00,9.829250E+00,9.083428E+03,1.076244E+04,3.083238E-01,9.490948E-01,9.079167E+03,5.713465E+03,3.081791E-01,5.038473E-01,1.400812E+04,7.448329E+03,4.754853E-01,6.568367E-01,6.793324E+02,6.021950E+02,2.305837E-02,5.310431E-02,6.791447E+02,3.418178E+02,2.305199E-02,3.014293E-02
18:15:00,1.401451E+04,8.307090E+03,4.757022E-01,7.325640E-01,6.795104E+02,6.111994E+02,2.306441E-02,5.389807E-02,6.793231E+02,3.696541E+02,2.305805E-02,3.259759E-02,1.257535E+05,1.083872E+05,4.268697E+00,9.558651E+00,9.083307E+03,1.003668E+04,3.083196E-01,8.850895E-01,9.079052E+03,5.482572E+03,3.081752E-01,4.834849E-01,1.400795E+04,7.231602E+03,4.754793E-01,6.377241E-01,6.793231E+02,5.680979E+02,2.305805E-02,5.009735E-02,6.791358E+02,3.293419E+02,2.305169E-02,2.904273E-02
18:30:00,1.401435E+04,7.952453E+03,4.756966E-01,7.012898E-01,6.795018E+02,5.632446E+02,2.306412E-02,4.966909E-02,6.793149E+02,3.519964E+02,2.305777E-02,3.104043E-02,1.257519E+05,1.053707E+05,4.268640E+00,9.292614E+00,9.083199E+03,9.140694E+03,3.083160E-01,8.060728E-01,9.078952E+03,5.243945E+03,3.081718E-01,4.624405E-01,1.400779E+04,6.980782E+03,4.754742E-01,6.156050E-01,6.793149E+02,5.250964E+02,2.305777E-02,4.630515E-02,6.791279E+02,3.154928E+02,2.305143E-02,2.782143E-02
18:45:00,1.401420E+04,7.595834E+03,4.756917E-01,6.698406E-01,6.794942E+02,5.063446E+02,2.306386E-02,4.465128E-02,6.793076E+02,3.340408E+02,2.305753E-02,2.945699E-02,1.257504E+05,1.024709E+05,4.268589E+00,9.036871E+00,9.083105E+03,8.080640E+03,3.083128E-01,7.125879E-01,9.078865E+03,5.002489E+03,3.081689E-01,4.411467E-01,1.400766E+04,6.651315E+03,4.754696E-01,5.865500E-01,6.793076E+02,4.702687E+02,2.305753E-02,4.147008E-02,6.791210E+02,2.989817E+02,2.305119E-02,2.636537E-02
19:00:00,1.401408E+04,7.242519E+03,4.756874E-01,6.386826E-01,6.794874E+02,4.453231E+02,2.306363E-02,3.927001E-02,6.793012E+02,3.159811E+02,2.305731E-02,2.786437E-02,1.257490E+05,9.976325E+04,4.268544E+00,8.798078E+00,9.083021E+03,6.959782E+03,3.083099E-01,6.137417E-01,9.078789E+03,4.762922E+03,3.081663E-01,4.200194E-01,1.400754E+04,6.251286E+03,4.754657E-01,5.512716E-01,6.793012E+02,4.087617E+02,2.305731E-02,3.604596E-02,6.791150E+02,2.800212E+02,2.305099E-02,2.469329E-02
19:15:00,1.401396E+04,6.917523E+03,4.756836E-01,6.100218E-01,6.794813E+02,3.899684E+02,2.306342E-02,3.438846E-02,6.792955E+02,2.993314E+02,2.305711E-02,2.639610E-02,1.257479E+05,9.734816E+04,4.268505E+00,8.585091E+00,9.082948E+03,5.976154E+03,3.083074E-01,5.269972E-01,9.078722E+03,4.542146E+03,3.081640E-01,4.005494E-01,1.400744E+04,5.847057E+03,4.754622E-01,5.156222E-01,6.792955E+02,3.515774E+02,2.305711E-02,3.100302E-02,6.791097E+02,2.612145E+02,2.305081E-02,2.303476E-02
19:30:00,1.401386E+04,6.633306E+03,4.756802E-01,5.849575E-01,6.794759E+02,3.450152E+02,2.306324E-02,3.042423E-02,6.792905E+02,2.847357E+02,2.305694E-02,2.510897E-02,1.257468E+05,9.535928E+04,4.268469E+00,8.409699E+00,9.082883E+03,5.217390E+03,3.083052E-01,4.600838E-01,9.078664E+03,4.348561E+03,3.081621E-01,3.834775E-01,1.400735E+04,5.478918E+03,4.754592E-01,4.831555E-01,6.792905E+02,3.038679E+02,2.305694E-02,2.679568E-02,6.791050E+02,2.440576E+02,2.305065E-02,2.152173E-02
19:45:00,1.401378E+04,6.391582E+03,4.756772E-01,5.636407E-01,6.794711E+02,3.136959E+02,2.306307E-02,2.766235E-02,6.792860E+02,2.722773E+02,2.305679E-02,2.401032E-02,1.257459E+05,9.354083E+04,4.268438E+00,8.249352E+00,9.082826E+03,4.730484E+03,3.083033E-01,4.171457E-01,9.078614E+03,4.183384E+03,3.081604E-01,3.689111E-01,1.400728E+04,5.193217E+03,4.754566E-01,4.579595E-01,6.792860E+02,2.711358E+02,2.305679E-02,2.390917E-02,6.791009E+02,2.300334E+02,2.305051E-02,2.028497E-02
20:00:00,1.401370E+04,6.192730E+03,4.756746E-01,5.461050E-01,6.794667E+02,2.939528E+02,2.306293E-02,2.592136E-02,6.792820E+02,2.620265E+02,2.305666E-02,2.310636E-02,1.257451E+05,9.197300E+04,4.268411E+00,8.111085E+00,9.082776E+03,4.465217E+03,3.083016E-01,3.937539E-01,9.078571E+03,4.046839E+03,3.081589E-01,3.568698E-01,1.400721E+04,4.989592E+03,4.754544E-01,4.400022E-01,6.792820E+02,2.510403E+02,2.305666E-02,2.213709E-02,6.790973E+02,2.192764E+02,2.305039E-02,1.933636E-02
20:15:00,1.401363E+04,6.023187E+03,4.756724E-01,5.311542E-01,6.794629E+02,2.792524E+02,2.306279E-02,2.462512E-02,6.792785E+02,2.531024E+02,2.305654E-02,2.231940E-02,1.257444E+05,9.059692E+04,4.268386E+00,7.989719E+00,9.082732E+03,4.282529E+03,3.083001E-01,3.776458E-01,9.078534E+03,3.930091E+03,3.081576E-01,3.465745E-01,1.400716E+04,4.824768E+03,4.754525E-01,4.254677E-01,6.792785E+02,2.361616E+02,2.305654E-02,2.082511E-02,6.790941E+02,2.101822E+02,2.305028E-02,1.853441E-02
20:30:00,1.401357E+04,5.876556E+03,4.756703E-01,5.182240E-01,6.794594E+02,2.677486E+02,2.306268E-02,2.361076E-02,6.792754E+02,2.452240E+02,2.305643E-02,2.162466E-02,1.257438E+05,8.929727E+04,4.268365E+00,7.875089E+00,9.082693E+03,4.148222E+03,3.082988E-01,3.658043E-01,9.078502E+03,3.828962E+03,3.081565E-01,3.376567E-01,1.400711E+04,4.687927E+03,4.754508E-01,4.134010E-01,6.792754E+02,2.246733E+02,2.305643E-02,1.981211E-02,6.790913E+02,2.023348E+02,2.305018E-02,1.784240E-02
20:45:00,1.401352E+04,5.748292E+03,4.756686E-01,5.069135E-01,6.794563E+02,2.585276E+02,2.306257E-02,2.279769E-02,6.792726E+02,2.381865E+02,2.305634E-02,2.100407E-02,1.257432E+05,8.830890E+04,4.268345E+00,7.787898E+00,9.082659E+03,4.045742E+03,3.082976E-01,3.567691E-01,9.078474E+03,3.740472E+03,3.081556E-01,3.298535E-01,1.400707E+04,4.572678E+03,4.754494E-01,4.032385E-01,6.792726E+02,2.155909E+02,2.305634E-02,1.901125E-02,6.790889E+02,1.954725E+02,2.305010E-02,1.723727E-02
21:00:00,1.401348E+04,5.634303E+03,4.756670E-01,4.968618E-01,6.794535E+02,2.509165E+02,2.306248E-02,2.212657E-02,6.792702E+02,2.318112E+02,2.305625E-02,2.044188E-02,1.257427E+05,8.749288E+04,4.268329E+00,7.715930E+00,9.082629E+03,3.964293E+03,3.082966E-01,3.495881E-01,9.078451E+03,3.661909E+03,3.081548E-01,3.229258E-01,1.400703E+04,4.473959E+03,4.754482E-01,3.945337E-01,6.792702E+02,2.082134E+02,2.305625E-02,1.836074E-02,6.790868E+02,1.893804E+02,2.305003E-02,1.670005E-02
21:15:00,1.401344E+04,5.529481E+03,4.756657E-01,4.876186E-01,6.794510E+02,2.443304E+02,2.306239E-02,2.154582E-02,6.792680E+02,2.258451E+02,2.305618E-02,1.991577E-02,1.257422E+05,8.680504E+04,4.268314E+00,7.655275E+00,9.082603E+03,3.895589E+03,3.082957E-01,3.435309E-01,9.078431E+03,3.589905E+03,3.081541E-01,3.165763E-01,1.400700E+04,4.386157E+03,4.754472E-01,3.867916E-01,6.792680E+02,2.019357E+02,2.305618E-02,1.780718E-02,6.790849E+02,1.837794E+02,2.304997E-02,1.620615E-02
21:30:00,1.401340E+04,5.431377E+03,4.756645E-01,4.789677E-01,6.794487E+02,2.384341E+02,2.306231E-02,2.102589E-02,6.792660E+02,2.201799E+02,2.305611E-02,1.941619E-02,1.257419E+05,8.620466E+04,4.268300E+00,7.602335E+00,9.082580E+03,3.834913E+03,3.082950E-01,3.381812E-01,9.078415E+03,3.522809E+03,3.081536E-01,3.106597E-01,1.400697E+04,4.306730E+03,4.754463E-01,3.797880E-01,6.792660E+02,1.964090E+02,2.305611E-02,1.731985E-02,6.790833E+02,1.785431E+02,2.304991E-02,1.574440E-02
21:45:00,1.401337E+04,5.337856E+03,4.756635E-01,4.707208E-01,6.794466E+02,2.329765E+02,2.306224E-02,2.054464E-02,6.792643E+02,2.147215E+02,2.305605E-02,1.893484E-02,1.257415E+05,8.566058E+04,4.268288E+00,7.554361E+00,9.082560E+03,3.778884E+03,3.082943E-01,3.332411E-01,9.078401E+03,3.459171E+03,3.081531E-01,3.050479E-01,1.400695E+04,4.231839E+03,4.754456E-01,3.731845E-01,6.792643E+02,1.913722E+02,2.305606E-02,1.687571E-02,6.790819E+02,1.735639E+02,2.304986E-02,1.530531E-02
22:00:00,1.401334E+04,5.247588E+03,4.756626E-01,4.627606E-01,6.794448E+02,2.277938E+02,2.306218E-02,2.008762E-02,6.792628E+02,2.094096E+02,2.305600E-02,1.846641E-02,1.257412E+05,8.515546E+04,4.268278E+00,7.509823E+00,9.082543E+03,3.725420E+03,3.082937E-01,3.285270E-01,9.078390E+03,3.398073E+03,3.081527E-01,2.996602E-01,1.400694E+04,4.159222E+03,4.754451E-01,3.667810E-01,6.792628E+02,1.866527E+02,2.305600E-02,1.645954E-02,6.790807E+02,1.687706E+02,2.304982E-02,1.488262E-02
22:15:00,1.401332E+04,5.161762E+03,4.756618E-01,4.551922E-01,6.794431E+02,2.228996E+02,2.306212E-02,1.965604E-02,6.792614E+02,2.043264E+02,2.305596E-02,1.801815E-02,1.257409E+05,8.468068E+04,4.268269E+00,7.467960E+00,9.082527E+03,3.674555E+03,3.082932E-01,3.240421E-01,9.078381E+03,3.340236E+03,3.081524E-01,2.945599E-01,1.400692E+04,4.089600E+03,4.754446E-01,3.606413E-01,6.792614E+02,1.822565E+02,2.305596E-02,1.607188E-02,6.790797E+02,1.642369E+02,2.304979E-02,1.448282E-02
22:30:00,1.401330E+04,5.079892E+03,4.756611E-01,4.479726E-01,6.794415E+02,2.182279E+02,2.306207E-02,1.924406E-02,6.792602E+02,1.994507E+02,2.305591E-02,1.758819E-02,1.257407E+05,8.423234E+04,4.268261E+00,7.428429E+00,9.082514E+03,3.625559E+03,3.082927E-01,3.197216E-01,9.078374E+03,3.285298E+03,3.081522E-01,2.897152E-01,1.400691E+04,4.021952E+03,4.754442E-01,3.546754E-01,6.792602E+02,1.781107E+02,2.305591E-02,1.570629E-02,6.790788E+02,1.599338E+02,2.304976E-02,1.410335E-02
22:45:00,1.401328E+04,5.001694E+03,4.756605E-01,4.410767E-01,6.794401E+02,2.137373E+02,2.306202E-02,1.884806E-02,6.792591E+02,1.947694E+02,2.305588E-02,1.717536E-02,1.257405E+05,8.380896E+04,4.268253E+00,7.391097E+00,9.082503E+03,3.578035E+03,3.082923E-01,3.155310E-01,9.078369E+03,3.233032E+03,3.081520E-01,2.851062E-01,1.400690E+04,3.957252E+03,4.754440E-01,3.489693E-01,6.792591E+02,1.741683E+02,2.305588E-02,1.535863E-02,6.790780E+02,1.558425E+02,2.304973E-02,1.374257E-02
23:00:00,1.401327E+04,4.926995E+03,4.756600E-01,4.344894E-01,6.794388E+02,2.094027E+02,2.306198E-02,1.846582E-02,6.792581E+02,1.902740E+02,2.305584E-02,1.677893E-02,1.257403E+05,8.340980E+04,4.268247E+00,7.355901E+00,9.082493E+03,3.531791E+03,3.082920E-01,3.114532E-01,9.078365E+03,3.183288E+03,3.081519E-01,2.807195E-01,1.400690E+04,3.895845E+03,4.754438E-01,3.435537E-01,6.792581E+02,1.703993E+02,2.305584E-02,1.502627E-02,6.790773E+02,1.519503E+02,2.304971E-02,1.339933E-02
23:15:00,1.401326E+04,4.853609E+03,4.756595E-01,4.280179E-01,6.794376E+02,2.050870E+02,2.306194E-02,1.808524E-02,6.792572E+02,1.858363E+02,2.305581E-02,1.638759E-02,1.257401E+05,8.303274E+04,4.268241E+00,7.322654E+00,9.082484E+03,3.485414E+03,3.082917E-01,3.073635E-01,9.078362E+03,3.134619E+03,3.081518E-01,2.764277E-01,1.400690E+04,3.835578E+03,4.754436E-01,3.382388E-01,6.792572E+02,1.666625E+02,2.305581E-02,1.469674E-02,6.790767E+02,1.481253E+02,2.304969E-02,1.306202E-02
23:30:00,1.401325E+04,4.781312E+03,4.756592E-01,4.216423E-01,6.794365E+02,2.007738E+02,2.306190E-02,1.770487E-02,6.792564E+02,1.814440E+02,2.305579E-02,1.600025E-02,1.257400E+05,8.267378E+04,4.268236E+00,7.291002E+00,9.082477E+03,3.438796E+03,3.082915E-01,3.032525E-01,9.078361E+03,3.086849E+03,3.081517E-01,2.722151E-01,1.400689E+04,3.776184E+03,4.754436E-01,3.330009E-01,6.792564E+02,1.629390E+02,2.305579E-02,1.436839E-02,6.790763E+02,1.443533E+02,2.304967E-02,1.272940E-02
23:45:00,1.401324E+04,4.709904E+03,4.756588E-01,4.153451E-01,6.794355E+02,1.964520E+02,2.306187E-02,1.732375E-02,6.792557E+02,1.770867E+02,2.305576E-02,1.561599E-02,1.257398E+05,8.232878E+04,4.268232E+00,7.260581E+00,9.082471E+03,3.391872E+03,3.082913E-01,2.991145E-01,9.078360E+03,3.039823E+03,3.081517E-01,2.680680E-01,1.400689E+04,3.717405E+03,4.754435E-01,3.278173E-01,6.792557E+02,1.592154E+02,2.305576E-02,1.404002E-02,6.790759E+02,1.406227E+02,2.304966E-02,1.240041E-02
24:00:00,1.401323E+04,4.639238E+03,4.756586E-01,4.091133E-01,6.794346E+02,1.921154E+02,2.306183E-02,1.694132E-02,6.792551E+02,1.727567E+02,2.305574E-02,1.523415E-02,1.257397E+05,8.199432E+04,4.268228E+00,7.231089E+00,9.082465E+03,3.344623E+03,3.082911E-01,2.949478E-01,9.078361E+03,2.993423E+03,3.081517E-01,2.639762E-01,1.400689E+04,3.659041E+03,4.754436E-01,3.226702E-01,6.792551E+02,1.554834E+02,2.305574E-02,1.371091E-02,6.790755E+02,1.369246E+02,2.304965E-02,1.207429E-02
Peak,2.335401E+04,1.548531E+04,7.670353E-01,1.365614E+00,1.113475E+03,7.995632E+02,3.670516E-02,7.050982E-02,1.113344E+03,6.831780E+02,3.670096E-02,6.024643E-02,2.139079E+05,1.434549E+05,7.051204E+00,1.265183E+01,1.514354E+04,1.244307E+04,4.974741E-01,1.097323E+00,1.513888E+04,1.024969E+04,4.973275E-01,9.039078E-01,2.334683E+04,1.013577E+04,7.668084E-01,8.938552E-01,1.113344E+03,6.899217E+02,3.670096E-02,6.084126E-02,1.113213E+03,5.531666E+02,3.669675E-02,4.878163E-02

Peak Vol Flow (m3/s),,,6.370602E-01,1.134209E+00,,,3.048542E-02,5.856185E-02,,,3.048193E-02,5.003760E-02,,,5.856369E+00,1.050796E+01,,,4.131765E-01,9.113805E-01,,,4.130547E-01,7.507395E-01,,,6.368718E-01,7.423904E-01,,,3.048194E-02,5.053164E-02,,,3.047844E-02,4.051552E-02
