{
  "TariffSelectionGeneric": {
    "ElectricityPurchased_Facility": "Example_F",
    "Gas_Facility": "IN-EIAMonthlyRateGas",
    "applicable": true
  },
  "OpenStudioResults": {
    "units": "IP",
    "building_summary_section": true,
    "annual_overview_section": true,
    "monthly_overview_section": true,
    "utility_bills_rates_section": true,
    "envelope_section_section": true,
    "space_type_breakdown_section": true,
    "space_type_details_section": true,
    "interior_lighting_section": true,
    "plug_loads_section": true,
    "exterior_light_section": true,
    "water_use_section": true,
    "hvac_load_profile": true,
    "zone_condition_section": true,
    "zone_summary_section": true,
    "zone_equipment_detail_section": true,
    "air_loops_detail_section": true,
    "plant_loops_detail_section": true,
    "outdoor_air_section": true,
    "cost_summary_section": true,
    "source_energy_section": true,
    "schedules_overview_section": true,
    "measure_warning_section": true,
    "reg_monthly_details": true,
    "standards_gem_version": "0.2.13.rc3",
    "workflow_gem_version": "2.0.1",
    "building_name": "n/a",
    "total_site_energy": 199363.85308670317,
    "net_site_energy": 199363.85308670317,
    "total_building_area": 4037.973353724485,
    "total_site_eui": 49.37225573883913,
    "eui": 49.37225573883913,
    "unmet_hours_during_heating": 5.0,
    "unmet_hours_during_cooling": 0.0,
    "unmet_hours_during_occupied_heating": 5.0,
    "unmet_hours_during_occupied_cooling": 0.0,
    "unmet_hours_tolerance_heating": 0.36,
    "unmet_hours_tolerance_cooling": 0.36,
    "end_use_electricity_heating_jan": 15.18933833611111,
    "end_use_electricity_heating_feb": 10.614423730555556,
    "end_use_electricity_heating_mar": 10.105729858333333,
    "end_use_electricity_heating_apr": 7.058830966666666,
    "end_use_electricity_heating_may": 4.126132158333333,
    "end_use_electricity_heating_jun": 3.8577773611111112,
    "end_use_electricity_heating_jul": 2.8641264722222224,
    "end_use_electricity_heating_aug": 3.1927678527777776,
    "end_use_electricity_heating_sep": 2.231939102777778,
    "end_use_electricity_heating_oct": 4.131671611111111,
    "end_use_electricity_heating_nov": 12.503865369444444,
    "end_use_electricity_heating_dec": 15.846110277777779,
    "electricity_heating_ip": 91.72271309722224,
    "end_use_electricity_cooling_jan": 2.102413952777778,
    "end_use_electricity_cooling_feb": 10.08699252777778,
    "end_use_electricity_cooling_mar": 18.407760305555556,
    "end_use_electricity_cooling_apr": 62.89416666666666,
    "end_use_electricity_cooling_may": 121.70944444444444,
    "end_use_electricity_cooling_jun": 188.24472222222224,
    "end_use_electricity_cooling_jul": 214.86944444444444,
    "end_use_electricity_cooling_aug": 185.76222222222222,
    "end_use_electricity_cooling_sep": 188.5675,
    "end_use_electricity_cooling_oct": 113.8075,
    "end_use_electricity_cooling_nov": 18.330151080555556,
    "end_use_electricity_cooling_dec": 1.0901425666666666,
    "electricity_cooling_ip": 1125.8724604333333,
    "end_use_electricity_interior_lighting_jan": 1655.6555555555556,
    "end_use_electricity_interior_lighting_feb": 1462.8055555555554,
    "end_use_electricity_interior_lighting_mar": 1571.3777777777777,
    "end_use_electricity_interior_lighting_apr": 1591.3722222222223,
    "end_use_electricity_interior_lighting_may": 1655.6555555555556,
    "end_use_electricity_interior_lighting_jun": 1507.0944444444444,
    "end_use_electricity_interior_lighting_jul": 1655.6555555555556,
    "end_use_electricity_interior_lighting_aug": 1626.888888888889,
    "end_use_electricity_interior_lighting_sep": 1535.8583333333333,
    "end_use_electricity_interior_lighting_oct": 1655.6555555555556,
    "end_use_electricity_interior_lighting_nov": 1562.6055555555556,
    "end_use_electricity_interior_lighting_dec": 1600.1416666666669,
    "electricity_interior_lighting_ip": 19080.76666666667,
    "electricity_exterior_lighting_ip": 0.0,
    "end_use_electricity_interior_equipment_jan": 1506.15,
    "end_use_electricity_interior_equipment_feb": 1347.463888888889,
    "end_use_electricity_interior_equipment_mar": 1472.7472222222223,
    "end_use_electricity_interior_equipment_apr": 1453.2555555555555,
    "end_use_electricity_interior_equipment_may": 1506.15,
    "end_use_electricity_interior_equipment_jun": 1419.8527777777779,
    "end_use_electricity_interior_equipment_jul": 1506.15,
    "end_use_electricity_interior_equipment_aug": 1496.5694444444446,
    "end_use_electricity_interior_equipment_sep": 1429.4333333333334,
    "end_use_electricity_interior_equipment_oct": 1506.15,
    "end_use_electricity_interior_equipment_nov": 1443.675,
    "end_use_electricity_interior_equipment_dec": 1482.3305555555555,
    "electricity_interior_equipment_ip": 17569.927777777775,
    "electricity_exterior_equipment_ip": 0.0,
    "end_use_electricity_fans_jan": 464.42777777777775,
    "end_use_electricity_fans_feb": 406.9666666666667,
    "end_use_electricity_fans_mar": 442.18888888888887,
    "end_use_electricity_fans_apr": 431.9666666666667,
    "end_use_electricity_fans_may": 458.69444444444446,
    "end_use_electricity_fans_jun": 451.55277777777775,
    "end_use_electricity_fans_jul": 476.3805555555556,
    "end_use_electricity_fans_aug": 479.26944444444445,
    "end_use_electricity_fans_sep": 436.2583333333333,
    "end_use_electricity_fans_oct": 455.0333333333333,
    "end_use_electricity_fans_nov": 449.375,
    "end_use_electricity_fans_dec": 451.3638888888889,
    "electricity_fans_ip": 5403.477777777778,
    "end_use_electricity_pumps_jan": 0.03710084444444445,
    "end_use_electricity_pumps_feb": 0.03226160277777778,
    "end_use_electricity_pumps_mar": 0.03387468333333333,
    "end_use_electricity_pumps_apr": 0.035487763888888885,
    "end_use_electricity_pumps_may": 0.03710084444444445,
    "end_use_electricity_pumps_jun": 0.03226160277777778,
    "end_use_electricity_pumps_jul": 0.03710084444444445,
    "end_use_electricity_pumps_aug": 0.035487763888888885,
    "end_use_electricity_pumps_sep": 0.03387468333333333,
    "end_use_electricity_pumps_oct": 0.03710084444444445,
    "end_use_electricity_pumps_nov": 0.03387468333333333,
    "end_use_electricity_pumps_dec": 0.035487763888888885,
    "electricity_pumps_ip": 0.421013925,
    "electricity_heat_rejection_ip": 0.0,
    "electricity_humidification_ip": 0.0,
    "electricity_heat_recovery_ip": 0.0,
    "electricity_water_systems_ip": 0.0,
    "electricity_refrigeration_ip": 0.0,
    "electricity_generators_ip": 0.0,
    "electricity_ip": 43272.18840967779,
    "electricity_ip_jan": 3643.562186466667,
    "electricity_ip_feb": 3237.969788972222,
    "electricity_ip_mar": 3514.8612537361114,
    "electricity_ip_apr": 3546.582929841667,
    "electricity_ip_may": 3746.372677447223,
    "electricity_ip_jun": 3570.6347611861115,
    "electricity_ip_jul": 3855.9567828722224,
    "electricity_ip_aug": 3791.718255616667,
    "electricity_ip_sep": 3592.3833137861116,
    "electricity_ip_oct": 3734.8151613444443,
    "electricity_ip_nov": 3486.5234466888896,
    "electricity_ip_dec": 3550.807851719445,
    "natural_gas_heating_ip": 0.0,
    "natural_gas_cooling_ip": 0.0,
    "natural_gas_interior_lighting_ip": 0.0,
    "natural_gas_exterior_lighting_ip": 0.0,
    "natural_gas_interior_equipment_ip": 0.0,
    "natural_gas_exterior_equipment_ip": 0.0,
    "natural_gas_fans_ip": 0.0,
    "natural_gas_pumps_ip": 0.0,
    "natural_gas_heat_rejection_ip": 0.0,
    "natural_gas_humidification_ip": 0.0,
    "natural_gas_heat_recovery_ip": 0.0,
    "natural_gas_water_systems_ip": 0.0,
    "natural_gas_refrigeration_ip": 0.0,
    "natural_gas_generators_ip": 0.0,
    "natural_gas_ip": 0.0,
    "natural_gas_ip_jan": 0.0,
    "natural_gas_ip_feb": 0.0,
    "natural_gas_ip_mar": 0.0,
    "natural_gas_ip_apr": 0.0,
    "natural_gas_ip_may": 0.0,
    "natural_gas_ip_jun": 0.0,
    "natural_gas_ip_jul": 0.0,
    "natural_gas_ip_aug": 0.0,
    "natural_gas_ip_sep": 0.0,
    "natural_gas_ip_oct": 0.0,
    "natural_gas_ip_nov": 0.0,
    "natural_gas_ip_dec": 0.0,
    "fuel_oil_no_1_heating_ip": 0.0,
    "fuel_oil_no_1_cooling_ip": 0.0,
    "fuel_oil_no_1_interior_lighting_ip": 0.0,
    "fuel_oil_no_1_exterior_lighting_ip": 0.0,
    "fuel_oil_no_1_interior_equipment_ip": 0.0,
    "fuel_oil_no_1_exterior_equipment_ip": 0.0,
    "fuel_oil_no_1_fans_ip": 0.0,
    "fuel_oil_no_1_pumps_ip": 0.0,
    "fuel_oil_no_1_heat_rejection_ip": 0.0,
    "fuel_oil_no_1_humidification_ip": 0.0,
    "fuel_oil_no_1_heat_recovery_ip": 0.0,
    "fuel_oil_no_1_water_systems_ip": 0.0,
    "fuel_oil_no_1_refrigeration_ip": 0.0,
    "fuel_oil_no_1_generators_ip": 0.0,
    "fuel_oil_no_1_ip": 0.0,
    "fuel_oil_no_1_ip_jan": 0.0,
    "fuel_oil_no_1_ip_feb": 0.0,
    "fuel_oil_no_1_ip_mar": 0.0,
    "fuel_oil_no_1_ip_apr": 0.0,
    "fuel_oil_no_1_ip_may": 0.0,
    "fuel_oil_no_1_ip_jun": 0.0,
    "fuel_oil_no_1_ip_jul": 0.0,
    "fuel_oil_no_1_ip_aug": 0.0,
    "fuel_oil_no_1_ip_sep": 0.0,
    "fuel_oil_no_1_ip_oct": 0.0,
    "fuel_oil_no_1_ip_nov": 0.0,
    "fuel_oil_no_1_ip_dec": 0.0,
    "fuel_oil_no_2_heating_ip": 0.0,
    "fuel_oil_no_2_cooling_ip": 0.0,
    "fuel_oil_no_2_interior_lighting_ip": 0.0,
    "fuel_oil_no_2_exterior_lighting_ip": 0.0,
    "fuel_oil_no_2_interior_equipment_ip": 0.0,
    "fuel_oil_no_2_exterior_equipment_ip": 0.0,
    "fuel_oil_no_2_fans_ip": 0.0,
    "fuel_oil_no_2_pumps_ip": 0.0,
    "fuel_oil_no_2_heat_rejection_ip": 0.0,
    "fuel_oil_no_2_humidification_ip": 0.0,
    "fuel_oil_no_2_heat_recovery_ip": 0.0,
    "fuel_oil_no_2_water_systems_ip": 0.0,
    "fuel_oil_no_2_refrigeration_ip": 0.0,
    "fuel_oil_no_2_generators_ip": 0.0,
    "fuel_oil_no_2_ip": 0.0,
    "fuel_oil_no_2_ip_jan": 0.0,
    "fuel_oil_no_2_ip_feb": 0.0,
    "fuel_oil_no_2_ip_mar": 0.0,
    "fuel_oil_no_2_ip_apr": 0.0,
    "fuel_oil_no_2_ip_may": 0.0,
    "fuel_oil_no_2_ip_jun": 0.0,
    "fuel_oil_no_2_ip_jul": 0.0,
    "fuel_oil_no_2_ip_aug": 0.0,
    "fuel_oil_no_2_ip_sep": 0.0,
    "fuel_oil_no_2_ip_oct": 0.0,
    "fuel_oil_no_2_ip_nov": 0.0,
    "fuel_oil_no_2_ip_dec": 0.0,
    "propane_heating_ip": 0.0,
    "propane_cooling_ip": 0.0,
    "propane_interior_lighting_ip": 0.0,
    "propane_exterior_lighting_ip": 0.0,
    "propane_interior_equipment_ip": 0.0,
    "propane_exterior_equipment_ip": 0.0,
    "propane_fans_ip": 0.0,
    "propane_pumps_ip": 0.0,
    "propane_heat_rejection_ip": 0.0,
    "propane_humidification_ip": 0.0,
    "propane_heat_recovery_ip": 0.0,
    "propane_water_systems_ip": 0.0,
    "propane_refrigeration_ip": 0.0,
    "propane_generators_ip": 0.0,
    "propane_ip": 0.0,
    "propane_ip_jan": 0.0,
    "propane_ip_feb": 0.0,
    "propane_ip_mar": 0.0,
    "propane_ip_apr": 0.0,
    "propane_ip_may": 0.0,
    "propane_ip_jun": 0.0,
    "propane_ip_jul": 0.0,
    "propane_ip_aug": 0.0,
    "propane_ip_sep": 0.0,
    "propane_ip_oct": 0.0,
    "propane_ip_nov": 0.0,
    "propane_ip_dec": 0.0,
    "district_cooling_heating_ip": 0.0,
    "district_cooling_cooling_ip": 0.0,
    "district_cooling_interior_lighting_ip": 0.0,
    "district_cooling_exterior_lighting_ip": 0.0,
    "district_cooling_interior_equipment_ip": 0.0,
    "district_cooling_exterior_equipment_ip": 0.0,
    "district_cooling_fans_ip": 0.0,
    "district_cooling_pumps_ip": 0.0,
    "district_cooling_heat_rejection_ip": 0.0,
    "district_cooling_humidification_ip": 0.0,
    "district_cooling_heat_recovery_ip": 0.0,
    "district_cooling_water_systems_ip": 0.0,
    "district_cooling_refrigeration_ip": 0.0,
    "district_cooling_generators_ip": 0.0,
    "district_cooling_ip": 0.0,
    "district_cooling_ip_jan": 0.0,
    "district_cooling_ip_feb": 0.0,
    "district_cooling_ip_mar": 0.0,
    "district_cooling_ip_apr": 0.0,
    "district_cooling_ip_may": 0.0,
    "district_cooling_ip_jun": 0.0,
    "district_cooling_ip_jul": 0.0,
    "district_cooling_ip_aug": 0.0,
    "district_cooling_ip_sep": 0.0,
    "district_cooling_ip_oct": 0.0,
    "district_cooling_ip_nov": 0.0,
    "district_cooling_ip_dec": 0.0,
    "district_heating_heating_ip": 0.0,
    "district_heating_cooling_ip": 0.0,
    "district_heating_interior_lighting_ip": 0.0,
    "district_heating_exterior_lighting_ip": 0.0,
    "district_heating_interior_equipment_ip": 0.0,
    "district_heating_exterior_equipment_ip": 0.0,
    "district_heating_fans_ip": 0.0,
    "district_heating_pumps_ip": 0.0,
    "district_heating_heat_rejection_ip": 0.0,
    "district_heating_humidification_ip": 0.0,
    "district_heating_heat_recovery_ip": 0.0,
    "district_heating_water_systems_ip": 0.0,
    "district_heating_refrigeration_ip": 0.0,
    "district_heating_generators_ip": 0.0,
    "district_heating_ip": 0.0,
    "district_heating_ip_jan": 0.0,
    "district_heating_ip_feb": 0.0,
    "district_heating_ip_mar": 0.0,
    "district_heating_ip_apr": 0.0,
    "district_heating_ip_may": 0.0,
    "district_heating_ip_jun": 0.0,
    "district_heating_ip_jul": 0.0,
    "district_heating_ip_aug": 0.0,
    "district_heating_ip_sep": 0.0,
    "district_heating_ip_oct": 0.0,
    "district_heating_ip_nov": 0.0,
    "district_heating_ip_dec": 0.0,
    "water_heating_ip": 0.0,
    "water_cooling_ip": 0.0,
    "water_interior_lighting_ip": 0.0,
    "water_exterior_lighting_ip": 0.0,
    "water_interior_equipment_ip": 0.0,
    "water_exterior_equipment_ip": 0.0,
    "water_fans_ip": 0.0,
    "water_pumps_ip": 0.0,
    "water_heat_rejection_ip": 0.0,
    "water_humidification_ip": 0.0,
    "water_heat_recovery_ip": 0.0,
    "water_water_systems_ip": 0.0,
    "water_refrigeration_ip": 0.0,
    "water_generators_ip": 0.0,
    "water_ip": 0.0,
    "water_ip_jan": 0.0,
    "water_ip_feb": 0.0,
    "water_ip_mar": 0.0,
    "water_ip_apr": 0.0,
    "water_ip_may": 0.0,
    "water_ip_jun": 0.0,
    "water_ip_jul": 0.0,
    "water_ip_aug": 0.0,
    "water_ip_sep": 0.0,
    "water_ip_oct": 0.0,
    "water_ip_nov": 0.0,
    "water_ip_dec": 0.0,
    "fuel_oil_1_heating_ip": 0.0,
    "fuel_oil_1_cooling_ip": 0.0,
    "fuel_oil_1_interior_lighting_ip": 0.0,
    "fuel_oil_1_exterior_lighting_ip": 0.0,
    "fuel_oil_1_interior_equipment_ip": 0.0,
    "fuel_oil_1_exterior_equipment_ip": 0.0,
    "fuel_oil_1_fans_ip": 0.0,
    "fuel_oil_1_pumps_ip": 0.0,
    "fuel_oil_1_heat_rejection_ip": 0.0,
    "fuel_oil_1_humidification_ip": 0.0,
    "fuel_oil_1_heat_recovery_ip": 0.0,
    "fuel_oil_1_water_systems_ip": 0.0,
    "fuel_oil_1_refrigeration_ip": 0.0,
    "fuel_oil_1_generators_ip": 0.0,
    "fuel_oil_1_ip": 0.0,
    "fuel_oil_1_ip_jan": 0.0,
    "fuel_oil_1_ip_feb": 0.0,
    "fuel_oil_1_ip_mar": 0.0,
    "fuel_oil_1_ip_apr": 0.0,
    "fuel_oil_1_ip_may": 0.0,
    "fuel_oil_1_ip_jun": 0.0,
    "fuel_oil_1_ip_jul": 0.0,
    "fuel_oil_1_ip_aug": 0.0,
    "fuel_oil_1_ip_sep": 0.0,
    "fuel_oil_1_ip_oct": 0.0,
    "fuel_oil_1_ip_nov": 0.0,
    "fuel_oil_1_ip_dec": 0.0,
    "fuel_oil_2_heating_ip": 0.0,
    "fuel_oil_2_cooling_ip": 0.0,
    "fuel_oil_2_interior_lighting_ip": 0.0,
    "fuel_oil_2_exterior_lighting_ip": 0.0,
    "fuel_oil_2_interior_equipment_ip": 0.0,
    "fuel_oil_2_exterior_equipment_ip": 0.0,
    "fuel_oil_2_fans_ip": 0.0,
    "fuel_oil_2_pumps_ip": 0.0,
    "fuel_oil_2_heat_rejection_ip": 0.0,
    "fuel_oil_2_humidification_ip": 0.0,
    "fuel_oil_2_heat_recovery_ip": 0.0,
    "fuel_oil_2_water_systems_ip": 0.0,
    "fuel_oil_2_refrigeration_ip": 0.0,
    "fuel_oil_2_generators_ip": 0.0,
    "fuel_oil_2_ip": 0.0,
    "fuel_oil_2_ip_jan": 0.0,
    "fuel_oil_2_ip_feb": 0.0,
    "fuel_oil_2_ip_mar": 0.0,
    "fuel_oil_2_ip_apr": 0.0,
    "fuel_oil_2_ip_may": 0.0,
    "fuel_oil_2_ip_jun": 0.0,
    "fuel_oil_2_ip_jul": 0.0,
    "fuel_oil_2_ip_aug": 0.0,
    "fuel_oil_2_ip_sep": 0.0,
    "fuel_oil_2_ip_oct": 0.0,
    "fuel_oil_2_ip_nov": 0.0,
    "fuel_oil_2_ip_dec": 0.0,
    "propane_gas_heating_ip": 0.0,
    "propane_gas_cooling_ip": 0.0,
    "propane_gas_interior_lighting_ip": 0.0,
    "propane_gas_exterior_lighting_ip": 0.0,
    "propane_gas_interior_equipment_ip": 0.0,
    "propane_gas_exterior_equipment_ip": 0.0,
    "propane_gas_fans_ip": 0.0,
    "propane_gas_pumps_ip": 0.0,
    "propane_gas_heat_rejection_ip": 0.0,
    "propane_gas_humidification_ip": 0.0,
    "propane_gas_heat_recovery_ip": 0.0,
    "propane_gas_water_systems_ip": 0.0,
    "propane_gas_refrigeration_ip": 0.0,
    "propane_gas_generators_ip": 0.0,
    "propane_gas_ip": 0.0,
    "propane_gas_ip_jan": 0.0,
    "propane_gas_ip_feb": 0.0,
    "propane_gas_ip_mar": 0.0,
    "propane_gas_ip_apr": 0.0,
    "propane_gas_ip_may": 0.0,
    "propane_gas_ip_jun": 0.0,
    "propane_gas_ip_jul": 0.0,
    "propane_gas_ip_aug": 0.0,
    "propane_gas_ip_sep": 0.0,
    "propane_gas_ip_oct": 0.0,
    "propane_gas_ip_nov": 0.0,
    "propane_gas_ip_dec": 0.0,
    "coal_heating_ip": 0.0,
    "coal_cooling_ip": 0.0,
    "coal_interior_lighting_ip": 0.0,
    "coal_exterior_lighting_ip": 0.0,
    "coal_interior_equipment_ip": 0.0,
    "coal_exterior_equipment_ip": 0.0,
    "coal_fans_ip": 0.0,
    "coal_pumps_ip": 0.0,
    "coal_heat_rejection_ip": 0.0,
    "coal_humidification_ip": 0.0,
    "coal_heat_recovery_ip": 0.0,
    "coal_water_systems_ip": 0.0,
    "coal_refrigeration_ip": 0.0,
    "coal_generators_ip": 0.0,
    "coal_ip": 0.0,
    "coal_ip_jan": 0.0,
    "coal_ip_feb": 0.0,
    "coal_ip_mar": 0.0,
    "coal_ip_apr": 0.0,
    "coal_ip_may": 0.0,
    "coal_ip_jun": 0.0,
    "coal_ip_jul": 0.0,
    "coal_ip_aug": 0.0,
    "coal_ip_sep": 0.0,
    "coal_ip_oct": 0.0,
    "coal_ip_nov": 0.0,
    "coal_ip_dec": 0.0,
    "diesel_heating_ip": 0.0,
    "diesel_cooling_ip": 0.0,
    "diesel_interior_lighting_ip": 0.0,
    "diesel_exterior_lighting_ip": 0.0,
    "diesel_interior_equipment_ip": 0.0,
    "diesel_exterior_equipment_ip": 0.0,
    "diesel_fans_ip": 0.0,
    "diesel_pumps_ip": 0.0,
    "diesel_heat_rejection_ip": 0.0,
    "diesel_humidification_ip": 0.0,
    "diesel_heat_recovery_ip": 0.0,
    "diesel_water_systems_ip": 0.0,
    "diesel_refrigeration_ip": 0.0,
    "diesel_generators_ip": 0.0,
    "diesel_ip": 0.0,
    "diesel_ip_jan": 0.0,
    "diesel_ip_feb": 0.0,
    "diesel_ip_mar": 0.0,
    "diesel_ip_apr": 0.0,
    "diesel_ip_may": 0.0,
    "diesel_ip_jun": 0.0,
    "diesel_ip_jul": 0.0,
    "diesel_ip_aug": 0.0,
    "diesel_ip_sep": 0.0,
    "diesel_ip_oct": 0.0,
    "diesel_ip_nov": 0.0,
    "diesel_ip_dec": 0.0,
    "gasoline_heating_ip": 0.0,
    "gasoline_cooling_ip": 0.0,
    "gasoline_interior_lighting_ip": 0.0,
    "gasoline_exterior_lighting_ip": 0.0,
    "gasoline_interior_equipment_ip": 0.0,
    "gasoline_exterior_equipment_ip": 0.0,
    "gasoline_fans_ip": 0.0,
    "gasoline_pumps_ip": 0.0,
    "gasoline_heat_rejection_ip": 0.0,
    "gasoline_humidification_ip": 0.0,
    "gasoline_heat_recovery_ip": 0.0,
    "gasoline_water_systems_ip": 0.0,
    "gasoline_refrigeration_ip": 0.0,
    "gasoline_generators_ip": 0.0,
    "gasoline_ip": 0.0,
    "gasoline_ip_jan": 0.0,
    "gasoline_ip_feb": 0.0,
    "gasoline_ip_mar": 0.0,
    "gasoline_ip_apr": 0.0,
    "gasoline_ip_may": 0.0,
    "gasoline_ip_jun": 0.0,
    "gasoline_ip_jul": 0.0,
    "gasoline_ip_aug": 0.0,
    "gasoline_ip_sep": 0.0,
    "gasoline_ip_oct": 0.0,
    "gasoline_ip_nov": 0.0,
    "gasoline_ip_dec": 0.0,
    "other_fuel_1_heating_ip": 0.0,
    "other_fuel_1_cooling_ip": 0.0,
    "other_fuel_1_interior_lighting_ip": 0.0,
    "other_fuel_1_exterior_lighting_ip": 0.0,
    "other_fuel_1_interior_equipment_ip": 0.0,
    "other_fuel_1_exterior_equipment_ip": 0.0,
    "other_fuel_1_fans_ip": 0.0,
    "other_fuel_1_pumps_ip": 0.0,
    "other_fuel_1_heat_rejection_ip": 0.0,
    "other_fuel_1_humidification_ip": 0.0,
    "other_fuel_1_heat_recovery_ip": 0.0,
    "other_fuel_1_water_systems_ip": 0.0,
    "other_fuel_1_refrigeration_ip": 0.0,
    "other_fuel_1_generators_ip": 0.0,
    "other_fuel_1_ip": 0.0,
    "other_fuel_1_ip_jan": 0.0,
    "other_fuel_1_ip_feb": 0.0,
    "other_fuel_1_ip_mar": 0.0,
    "other_fuel_1_ip_apr": 0.0,
    "other_fuel_1_ip_may": 0.0,
    "other_fuel_1_ip_jun": 0.0,
    "other_fuel_1_ip_jul": 0.0,
    "other_fuel_1_ip_aug": 0.0,
    "other_fuel_1_ip_sep": 0.0,
    "other_fuel_1_ip_oct": 0.0,
    "other_fuel_1_ip_nov": 0.0,
    "other_fuel_1_ip_dec": 0.0,
    "other_fuel_2_heating_ip": 0.0,
    "other_fuel_2_cooling_ip": 0.0,
    "other_fuel_2_interior_lighting_ip": 0.0,
    "other_fuel_2_exterior_lighting_ip": 0.0,
    "other_fuel_2_interior_equipment_ip": 0.0,
    "other_fuel_2_exterior_equipment_ip": 0.0,
    "other_fuel_2_fans_ip": 0.0,
    "other_fuel_2_pumps_ip": 0.0,
    "other_fuel_2_heat_rejection_ip": 0.0,
    "other_fuel_2_humidification_ip": 0.0,
    "other_fuel_2_heat_recovery_ip": 0.0,
    "other_fuel_2_water_systems_ip": 0.0,
    "other_fuel_2_refrigeration_ip": 0.0,
    "other_fuel_2_generators_ip": 0.0,
    "other_fuel_2_ip": 0.0,
    "other_fuel_2_ip_jan": 0.0,
    "other_fuel_2_ip_feb": 0.0,
    "other_fuel_2_ip_mar": 0.0,
    "other_fuel_2_ip_apr": 0.0,
    "other_fuel_2_ip_may": 0.0,
    "other_fuel_2_ip_jun": 0.0,
    "other_fuel_2_ip_jul": 0.0,
    "other_fuel_2_ip_aug": 0.0,
    "other_fuel_2_ip_sep": 0.0,
    "other_fuel_2_ip_oct": 0.0,
    "other_fuel_2_ip_nov": 0.0,
    "other_fuel_2_ip_dec": 0.0,
    "typical_iead_roof_r_11_36": 4037.9999999999914,
    "typical_insulated_exterior_mass_wall": 2205.0907010823794,
    "u_0_72_shgc_0_39_simple_glazing_window_u_0_72_shgc_0_39": 3.3586027700643424,
    "gross_window_wall_ratio": 15.0,
    "gross_window_wall_ratio_conditioned": 15.0,
    "skylight_roof_ratio": 0.0,
    "space_type_small_office_whole_building_sm_office_doe_ref_1980_2004": 4037.9999999999914,
    "small_office_whole_building_sm_office_doe_ref_1980_2004_service_water_use_0_04_gpm_at_140_f": 0.036695746997919935,
    "zone_max_hours_over_70_rh": 240.0,
    "zone_max_hours_over_55_rh": 3416.0,
    "num_zones_x_hours_over_70": 9,
    "num_zones_x_hours_over_55": 9,
    "inflation_approach": "Constant Dollar",
    "analysis_length": 25,
    "number_of_measures_with_warnings": 0,
    "number_warnings": 0,
    "annual_peak_electric_demand": 15.9365,
    "first_year_capital_cost": 0.0,
    "annual_utility_cost": 0.0,
    "total_lifecycle_cost": 0.0,
    "applicable": true
  }
}