id,bricr_apn,seed_building_id,seed_primary_property_type,building_type_id,seed_building_address,seed_property_name_seed,seed_property_gfa_ft2,seed_property_gfa_m2,bricr_building_name,bricr_occupancy_classification,bricr_gfa_ft2,bricr_building_height_m2_fix,bricr_number_of_floors,bricr_building_perimeter_ft,bricr_building_footprint_floor_area_ft2,bricr_completed_construction_status_date,bricr_last_modified_date,seed_2018_1_elec_kwh,seed_2018_2_elec_kwh,seed_2018_3_elec_kwh,seed_2018_4_elec_kwh,seed_2018_5_elec_kwh,seed_2018_6_elec_kwh,seed_2018_7_elec_kwh,seed_2018_8_elec_kwh,seed_2018_9_elec_kwh,seed_2018_10_elec_kwh,seed_2018_11_elec_kwh,seed_2018_12_elec_kwh,seed_2018_1_gas_therm,seed_2018_2_gas_therm,seed_2018_3_gas_therm,seed_2018_4_gas_therm,seed_2018_5_gas_therm,seed_2018_6_gas_therm,seed_2018_7_gas_therm,seed_2018_8_gas_therm,seed_2018_9_gas_therm,seed_2018_10_gas_therm,seed_2018_11_gas_therm,seed_2018_12_gas_therm
2,SF3786014,"3786/014, 3786/104-160 (57 lots)",Office,3,330 Townsend Street,"330 Townsend (SF) Owner, LLC",61872,5748,330 TOWNSEND SF OWNER LLC  ,Office,61872,9.43,2,250.23,2915.92,1985,20090415,27540.19472,12179.51198,39426.66479,27878.57474,29050.80096,30228.4197,29559.80704,29457.20281,25939.49838,28930.49523,25152.63149,25337.50081,414.988,759.397,655.592,248.69,27.125,5.358,1.451,7.097,5.613,14.857,247,305.5
4,SF3912003,3912/003,Office,3,25 Division St.,25 Division St.,41777,3881,DOHENY-VIDOVICH PARTNERS,Office,41777,6.64,2,209.16,2652.13,1950,20090414,15161.51154,14051.18196,16139.95909,15216.11071,16214.22333,16351.05828,17862.89543,17909.66959,16468.11092,17177.90009,16847.52091,15517.50514,14.533,10.5,30.362,9.605,8.69,6.43,6.214,7.473,8.176,15.052,112.875,222.98
7,SF3754017,"3754/017	",Office,3,1098 Harrison Street,1098 Harrison,42039,3906,ECI FIVE HARRISON LLC,Office,42039,9.91,1,229.97,2491.7,1924,20130220,30339.17131,27311.45264,31698.52351,30453.90869,29498.78962,30890.46757,31948.3081,32006.45343,30667.58691,33741.90391,26763.40947,26353.1977,447.625,608.179,620.27,359.46,77.927,24.74,22.494,16.172,24.533,28.779,4.688,0.839
10,SF4083002,4083/002,Office,3,3130 20th Street,3130 20th Street,56055,5208,TWENTIETH ST ASSOC (UCSF)20,Office,74055,13.47,3,257.4,2244.97,1949,20110607,28679.7142,26221.78457,28478.63804,26749.86958,26592.22658,26203.73138,27741.53464,26930.37214,28132.63817,28783.54933,24924.29971,26447.18564,1036.267,820.75,592.078,241.439,128.015,99.236,96.383,103.1,105.896,125.037,687.379,1245.784
13,SF3593001,3593/001,Office,3,2300 Harrison Street,2300 Harrison Street,68538,6367,562 MISSION STREET LLC  ,Office,68538,14.55,3,200.01,2119.93,1913,20030605,52470.38515,49975.08895,54956.18585,52206.24007,54431.2367,52596.55231,55668.29028,55640.59505,55202.42429,63829.38566,58468.14609,49904.19502,2144.933,1624.875,1686.401,1314.524,1127.481,803.202,699.184,703.242,769.16,807.864,1631.035,166.031
14,SF3807001,3807/001,Office,1,960 7th Street,Recology Golden Gate Office,16771,1558,MACOR INC,Office,16771,5.41,1,241.99,2055.02,1974,,40723.44628,34234.70315,36691.19673,35584.55984,37620.81861,36958.30183,37422.70247,37523.48966,36336.17026,39625.68945,37262.21667,40010.49195,1764.333,1637.125,1511.254,1179.154,1090.654,1020.95,928.196,962.394,934.928,1011.611,1338.64,1760.9
15,SF3912002, 3912/002,Office,3,99 Rhode Island Street,99 Rhode Island,60350,5607,OELSNER COMMERCIAL PROPERTI,Office,60350,13.89,3,182.54,1846.64,1948,19980313,94388.33108,80901.80942,83140.1701,67433.39957,64646.96642,63013.50472,68473.15761,93352.23643,85282.63788,88566.17841,73642.289,57622.78218,5068.199,4109,3758.104,2998.497,2920.681,2696.822,2579.13,3362.766,2857.621,2455.179,2632.012,2250.381
17,SF3748031,3748/031,Office,3,450 HARRISON STREET,SAILORS' UNION OF THE PACIFIC,50037,4649,SAILORS UNION PAC BLDG CORP,Office,50037,36.75,3,177.87,1703.34,1949,,18264.08061,15014.3898,16445.01691,15500.0381,14394.80795,13542.11726,12767.06114,13579.33731,13360.67688,13985.32886,13417.88438,16195.61331,1349.103,1124.517,1040.069,795.331,640.225,221.642,168.837,252.563,435.885,289.698,439.483,1036.88
18,SF4007002,4007/002,Office,3,555 De Haro Street,555 De Haro Street,61921,5753,BRIDGETON 555 DEHARO FEE LL,Office,61921,14.63,3,225.57,1682.93,1900,20150129,32608.80269,28180.9363,30698.21285,26727.27379,26362.13637,26294.29039,27331.4694,26424.61915,24513.9414,1626.633139,22626.76795,23518.61295,761.7,706.59,615.92,479.48,330.5,213.53,149.7,157.78,207.86,21.62,303.49,903.1
19,SF3780004D,3780/004D,Office,3,808 Brannan St,"Eagle River Investors - Brannan, LLC",60864,5654,EAGLE RIVER INVESTORS - BRA,Office,60864,10.46,3,164.57,1634.11,1930,20120921,48724.93508,42925.26098,44141.97542,39860.67395,41621.56301,42240.44148,44442.54925,42240.32425,40329.20689,43749.58237,37089.45119,38309.27219,1932.317,2177.293,1801.293,677.206,408.35,265.422,233.473,157.355,177.353,354.164,1334.358,1048.077
20,SF3789009,3789/009,Office,3,275 Brannan Street,275 Brannan,65402,6076,HUDSON 275 BRANNAN LLC  ,Office,65402,18.25,3,161.4,1624.69,1906,20111208,48476.11763,47452.59573,54295.72057,48613.8904,47766.85599,48134.30867,46986.5832,48121.99968,48026.04817,52431.8756,48069.89162,47183.35121,288.13,706.85,720.94,430.08,253.7,180.22,119.01,86.36,70.08,207.49,401.08,629.22
21,SF3776041,3776/041,Office,3,539 Bryant Street,539 Bryant,59989,5573,TRPF 539 BRYANT STREET LP  ,Office,67789,19.71,4,254.32,1598.64,1912,20090515,32512.23572,29277.13986,31121.70075,27435.86137,28086.94837,28938.40815,30191.05312,29406.70664,30216.43309,34282.91336,29815.68752,29771.34584,2450.667,2291.484,2080.964,1495.252,1140.55,847.095,761.204,1064.139,1115.579,1177.733,1649.062,2114.679
22,SF5585004,5585/004,Office,1,2211 Palou Ave,Southern Wine & Spirits - Dorman,16500,1533,SAN FRANCISCO LLC ,Office,16500,4.95,1,171.64,1536.18,1947,,14514.11724,12753.02303,14888.63294,14211.90221,17473.0228,16992.85492,13849.22659,10945.91664,9189.951174,11804.38083,12385.74619,11638.20945,676.646,681.015,1065.906,812.392,755.323,597.752,478.956,308.11,80.983,148.718,529.653,1178.879
23,SF3752095,3752/095,Office,3,874-880 Harrison Street,880 Harrison,33691,3130,SAN FRANCISCO HARRISON LLC ,Office,33691,9.63,3,179.48,1525.63,1922,20111031,23131.40727,19040.27971,20597.9825,18013.88571,17062.7231,17177.75355,18271.20224,18915.9589,11366.15145,11496.27506,24093.3256,24069.14722,509.8,406.625,486.34,459.568,287.307,173.437,206.988,185.236,172.009,206.926,137.67,508.531
25,SF6901001A,6901/001A,Office,1,2499 Ocean Avenue,2499 Ocean Ave,22429,2084,JUNIPERO SERRA ASSOCS LLC  ,Office,34875,12.88,2,201.07,1468.91,1977,20040510,15647.68738,14586.88682,15669.34534,14819.67328,15170.59675,14472.44251,14542.13485,14089.51567,12511.62027,12740.9778,11553.77564,12008.91523,689.208,328.046,755.058,599.011,842.552,595.5,606.7,720.467,508.708,532.728,524.23,706.667
27,SF3953003,3953/003,Office,1,10 Arkansas St,10 Arkansas,16178,1503,NIBBI INVESTMENTS ,Office,16178,5.99,1,301.83,1464.13,1916,,21384.43909,18422.74936,19288.21795,16381.06877,13990.34037,12526.06868,12959.78477,12242.78605,12443.30537,14094.52719,16604.38903,18470.02175,1034.4,930.125,641.22,410.055,291.225,207.065,117.71,123.6,124.655,203.612,579.483,922.734
28,SF3592015,3592/015,Office,3,3175 18th Street,500 Treat,29634,2753,TREAT PROPERTY LLC,Office,41434,10.84,2,155.95,1459.15,1947,,23659.11129,21689.49691,24673.72382,22561.82337,22823.94626,24058.91904,25232.69854,24258.85222,23090.40661,23930.81761,18991.10236,18173.31645,719.267,584.5,466.155,279.412,191.027,108.217,61.79,74.627,105.031,138.708,455.846,766.559
30,SF3504047,3504/047,Office,3,44 Gough St,Gough,34955,3247,GOUGH CLUB LLC ,Office,34955,11.15,3,205.4,1433.97,1906,20041227,20250.48796,18448.07071,20946.35625,20359.33461,22200.08558,21815.42961,24105.51736,25330.02749,23735.25119,44636.47447,26653.80084,23182.51889,46.726,38.269,29.034,22.083,14.393,3.136,0.2,1.613,1.244,1.779,32.364,64.25
31,SF3774031,3774/031,Office,3,577 2nd St.,577 2nd St.,30480,2832,PHOENIX INDUSTRIES,Office,30480,15.09,2,158.26,1407.92,1923,,11203.93653,10697.30433,12243.95834,11299.85874,11141.98128,11278.75761,11881.45856,10942.51701,10842.49181,11357.53515,9081.104527,8310.268629,595.338,483.768,475.197,306.797,183.1,106.067,52.968,22.299,34.942,92.099,273.731,748.481
36,SF3750008,3750/008,Office,3,642 HARRISON ST,PMI - 642 Harrison Street,50393,4682,SF HARRISON LLC,Office,50393,20,5,170.95,1246.21,1925,20121011,65053.4855,59570.62137,66808.45452,63781.76159,64283.96842,64425.40458,66072.31825,66826.36117,62443.53983,71958.1846,54057.74675,47805.48278,1488.67,1269.707,1081.935,1169.615,2004.406,1694.865,1436.519,1004.857,974.976,1120.679,1210.267,1392.669
37,SF3785002,3785/002,Office,3,650 5th Street,650 5th St.,53277,4950,TOWNSEND ASSOCIATES LLC ,Office,64277,18.66,5,152.57,1220.1,1924,19970521,65134.40246,61224.74459,65250.42935,62099.18116,63197.90513,62942.84525,64289.74192,63307.10346,60779.65734,65666.53185,64616.28186,65672.92081,248.434,256.872,192.232,122.162,147.325,166.708,162.322,136.012,132.988,135.845,176.967,316.308
38,SF4014002,4014/002,Office,3,2500 18th Street,Homeless Prenatal Program,26800,2490,HOMELESS PRENATAL PROGRAM I,Office,26800,14.75,3,143.69,1215.8,1925,20100628,14371.47948,12670.34764,13842.25149,13178.09351,13610.81316,13383.03821,14007.7195,13653.66017,13805.70551,13912.70581,13666.76045,14497.0898,361.467,314.64,342.99,126.703,30.525,19.342,6.258,1.155,1.018,1.853,135.629,421.621
40,SF3777042,3777/042,Office,1,552 Brannan Street,552 Brannan Street,24000,2230,FREELON LLC ,Office,24000,7.5,2,145.64,1191.48,1923,20090522,21715.31649,20561.67097,23376.47342,24782.92215,26611.01244,27490.10885,29285.49239,27978.68786,26251.79506,27075.70616,21077.82799,19327.02058,35.431,56.756,26.45,2.762,0.1,0.867,0.133,0,0.897,0.103,9.533,32.822
41,SF3519067,3519/067,Office,3,346 9th Street,346 9th Street,25200,2341,AC PROPERTIES HOLDINGS LLC ,Office,25200,9.22,2,137.98,1168.93,1920,20131204,32830.65759,31638.70767,39078.40827,32947.974,29936.93108,30653.31434,31288.63411,30970.35878,29213.1038,29316.85101,17328.30423,3049.699016,2.731,32.132,91.11,12.528,0.3,0,0,0,1.793,1.11,48.871,15.936
42,SF4227034,4227/034,Office,1,1234 Indiana Street,Hire-Ability Vocational Services,15161,1408,PHILLIPS SUSAN J &,Office,15161,8.25,1,142.69,1164.82,1969,,6718.04205,6318.117076,6941.919148,6999.800712,7017.12122,6762.588874,7020.081239,6750.191962,6922.547141,7326.399268,6470.36757,6957.012315,177.933,161,139.379,124.354,102.517,73.991,67.592,72.167,70.31,79.123,191.067,266.081
45,SF3729006,3729/006,Office,1,1200 Folsom Street,1200 Folsom Street,21114,1962,1200 FOLSOM STREET LLC  ,Office,21114,7.63,2,145.49,1130.16,1925,20070523,14094.23412,16654.4749,15909.69304,17409.63149,15151.42989,16746.58719,17082.73986,18767.66487,18027.3963,19124.2153,14174.4184,14080.07878,394.141,397.509,317.802,181.448,88.75,45.783,34.329,29.38,31.551,51.078,252.484,368.484
47,SF3775042,3775/042,Office,1,21 South Park Street,21 South Park,24812,2305,SURVIVORS TRUST,Office,24812,10.19,2,140.83,1120.85,1919,20080505,9529.855164,8876.511515,8762.301664,7842.058063,7879.395335,8670.892754,9066.538888,7872.977076,7726.705235,8184.863458,7514.287222,7798.155996,179.172,137.453,100.582,57.393,28.15,8.45,21.283,17.335,11.147,15.034,70.467,118.533
49,SF3794015,3794/015,Office,3,101-111 Townsend Street,101 Townsend Street,30000,2787,CIVITAS EQUITY FUND I LLC  ,Office,30000,14.59,3,135.33,1108.55,1913,19980701,50566.62388,50278.56419,56948.16156,54579.61866,57811.02182,57170.42677,60012.63137,56699.10965,53610.84246,55444.4718,50138.32961,55632.53559,6.59,43.41,89.7,92.8,95.93,92.89,92.56,85.9,96.2,91.96,98.9,89.45
52,SF3788045,3788/045,Office,3,625 3rd Street,PMI - 625 3rd Street,42429,3942,625 THIRD LLC  ,Office,42429,15.86,4,141.12,1068.77,1909,20120912,58091.6082,32588.17047,59012.76032,61145.99635,56528.5129,45158.28776,45443.70981,46343.14536,43240.5763,40736.07765,42851.17258,41289.95293,1494.312,1587.236,1884.52,1491.106,1794.223,1683.523,1573.981,1581.439,1791.489,838.543,697.055,791.355
54,SF3786016,3786/016,Office,1,370 Townsend St,370 Townsend St.,23466,2180,SAN FRANCISCO TOWNSEND LLC ,Office,23466,5.96,2,130.54,1044.65,1923,20150106,9262.193228,10098.32539,11239.77914,9351.198954,12371.91323,10465.69015,9972.070314,10223.81848,10232.81577,11296.34189,13546.19095,12630.54857,349.854,256.462,33.975,5.763,1.269,2.864,15.168,17.871,21.695,116.531,184.503,24.297
59,SF3704021,3704/021,Office,3,972 Mission Street,972 Mission LLC,66000,6132,972 MISSION LLC,Office,66000,23.28,5,139.27,1023.93,1925,19940922,19769.73395,19829.84286,22443.71567,23233.07367,25609.44158,28906.60993,29915.59549,28701.75315,28818.8351,30833.11353,30279.20894,36256.4842,24.877,37.568,112.536,38.247,15.801,12.923,14.528,16.866,24.531,13.294,49.042,115.959
62,SF3794022,3794/022,Office,3,135 Townsend Street,Field Storage Building,53224,4945,FIELD STORAGE LLC ,Office,53224,22.4,5,128.47,993.37,1911,20141216,33589.24311,30915.11485,32922.27165,30232.14171,30726.72868,30496.66778,31732.75422,31714.58381,31202.5591,33142.92497,32522.66906,37365.58289,23.54,22.7,23.79,22.98,19.8,18.64,19.6,20.3,18.17,20.47,28.46,44.81
63,SF3504044,3504/044,Office,1,1663 Market Street,American Red Cross,23000,2137,AMERICAN NATIONAL RED CROSS,Office,33000,14.28,2,127.75,981.01,1921,20141210,12635.79455,11656.23333,12503.32636,11465.59051,11794.35779,11735.18672,11937.17139,10860.60361,9595.268658,10919.59884,10817.19976,11817.80349,273.488,259.045,211.634,128.153,99.646,45.167,37.032,33.645,34.633,36.752,230.938,378.125
64,SF3570039,3570/039,Office,3,154 Capp Street,154-174 Capp Street,33739,3134,CAPP STREET INVESTORS,Office,33739,11.9,3,125.22,979.44,1922,20131212,20328.73798,19044.91023,22210.43099,22602.00343,21615.70158,21979.10988,22331.08841,21602.51338,21884.56511,22526.03938,19890.21552,20013.42266,320.847,376.89,286.545,148.022,103.071,62.214,53.134,78.839,77.342,97.957,255.45,403.726
65,SF1215016,1215/016,Office,3,425 Divisidero Street,425 Divisadero,30044,2791,JOHN P BRENNAN CO LLC,Office,30044,13.83,4,167.89,978.8,1983,20090430,17782.33015,16208.06884,17718.3234,16501.87273,16659.60365,16056.34587,16153.41106,16152.7663,16005.90832,16568.0189,16023.78566,16679.38596,2159.168,2031.492,2329.758,2250.582,2255.76,2193.846,2278.388,2277.7,2238.412,2240.621,2105.86,2243.644
68,SF3780008,3780/008,Office,1,541 8th Street,541-543 8th Street,13824,1284,CHARLES H SUGARMAN EXEMPT D,Office,13824,9.17,2,130.78,943.47,1937,20080429,13463.75002,12929.33467,11268.73458,9678.999103,9366.526579,9979.250558,8887.267228,9303.574883,8072.910256,8923.520137,10955.93967,12768.23343,0.966,0.878,1.949,1.107,0.975,0.992,1.064,0.948,1.914,1.957,1.983,1.138
69,SF4023005,4023/005,Office,1,2001 Bryant Street,2001 Bryant Street,14700,1366,2001-2031 BRYANT STREET LLC,Office,14700,9.01,1,122.79,942.48,1943,,5474.365061,4293.141548,3211.269174,2151.171992,2510.565217,1741.868739,1817.979333,2019.905397,1799.926146,1959.91372,1987.433106,2040.801374,452.887,425.6,301.652,89.782,47.767,21.29,13.71,14.562,16.875,40.562,151.875,280.48
70,SF3956004,3956/004,Office,1,383 Rhode Island St.,Winton Properties,23667,2199,WINTON PROPERTIES INC,Office,27667,13.49,3,122.62,939.05,1924,,7128.576201,7647.195015,9737.46681,7839.830722,7062.517951,8742.167672,8071.708664,7582.484892,8598.2404,8555.276161,7056.275534,7479.704819,67.867,80.5,747.948,272.952,189.6,59.896,51.437,29.848,26.094,66.491,303.108,498.093
71,SF1064032,1064/032,Office,3,3360 Geary Blvd,3360 Geary Blvd,28800,2676,PIETRO & PIETRO,Office,28800,12.44,3,125.58,926.47,1969,20100310,31228.67174,33289.19681,32622.48911,34801.85455,33853.91572,34814.3687,35513.16769,36911.61558,32872.53747,37054.72226,34784.12375,33698.29491,1369.492,1154.75,895.242,1463.192,1427.837,1436.558,1487.834,1634.757,2953.771,2964.666,1598.581,388.064
72,SF3735055,3735/055,Office,1,240 2nd Street,240 2nd Street,19912,1850,MARINE FIREMENS UNION,Office,37137,12.52,2,135.32,918.01,1957,19970516,7418.804621,6889.137023,7532.457637,7131.712063,6227.675301,5852.309694,6450.204271,6078.267597,6506.444636,6312.402187,6483.028246,7015.304179,884.617,835.952,772.635,551.597,673.675,102.492,17.03,15.164,19.87,295.194,592.208,894.667
74,SF4058009,4058/009,Office,3,2203 3rd St.,2203 3rd St.,46230,4295,LEVIN MARTIN C INV CO LLC  ,Office,46230,14.06,3,136.05,883.44,1919,19980124,7742.912073,6453.252211,6217.271273,5639.422767,7622.723569,7695.610379,7969.661268,7980.416982,7944.779523,8249.368432,8599.881599,8974.866213,124.991,62.385,53.735,30.901,100.57,54.071,30.308,31.842,40.332,67.525,304.377,466.962
75,SF3987007,3987/007,Office,3,135 Mississippi,135 Mississippi,28500,2648,SF OFFICE 4 LLC,Office,28500,16.03,4,125.49,881.01,1984,20130213,32702.81993,35605.01621,32180.09812,33803.50748,35231.93656,33352.9691,34740.3096,39263.59997,35013.95019,36572.70804,36700.80946,34660.12532,480.161,494.569,354.062,292.991,239.088,169.078,154.599,217.871,221.697,289.013,373.82,463.534
76,SF4108003O,4108/003O,Office,1,2400 Third Street,GFB Properties Inc.,22665,2106,GFB PROPERTIES LLC,Office,26665,8.86,2,122.89,877.06,1937,,12530.11307,10978.18378,12286.95188,12353.01013,13500.17877,13530.89264,14867.50251,14272.56795,14640.25509,15071.36284,12401.68926,11537.62741,424.933,389.375,295.832,136.326,95.467,44.379,6.487,37.406,39.107,46.121,287.875,540.851
77,SF3508024,3508/024,Office,3,1360 Mission Street,1360 Mission Street,34000,3159,SFP2 1360 MISSION ST LLC,Office,34000,18.64,4,119.77,870.46,1930,,15465.01609,12900.49646,13853.76919,15348.31513,16084.92031,14595.67896,13243.59493,12828.31302,12615.33817,13812.50476,14046.63935,14850.70953,1138.104,1035.125,921.294,621.581,354.968,382.499,312.953,402.645,337.336,325.794,675.34,1292.434
78,SF4016002,4016/002,Office,1,570-590 York Street & 2700 18th Street,Jan Michaels' Building,17734,1648,JAN MICHAELS TRUST,Office,17734,10.02,2,124.79,845.43,1918,,8636.9258,8077.658009,8760.191551,7847.802259,7547.08189,6957.364,7329.94543,7047.688547,6836.823811,7164.682575,7097.246889,7812.340643,315.296,312.166,204.765,41.472,21.95,10.55,3.993,5.48,2.52,8.082,320.058,333.002
79,SF3775015,3775/015,Office,3,340 Brannan Street,340 Brannan Street,39261,3647,KG-BRANNAN LLC ,Office,39261,15.89,5,115.01,825.96,1911,20121108,29701.41905,35171.76904,29804.99042,30163.88542,29145.96119,29239.33367,30586.02519,30468.56225,32764.77519,36076.65571,33125.60446,35516.53801,258,269,117,60,24,1,2,4,4,15,170,384
80,SF3736099,3736/099,Office,3,583-587 Howard Street,583-587 Howard Street,34500,3205,585 HOWARD STREET PARTNERS ,Office,34500,12.77,4,135.33,824.53,1912,20060428,14669.15191,13689.67862,15512.55224,14567.66135,12008.76869,9993.845505,11117.48053,17538.43629,20021.27697,16915.27897,15511.46788,22194.75168,125.833,292.529,124.265,54.072,17.35,9.55,13.303,15.836,38.819,145.116,104.192,302.095
83,SF3548031,3548/031,Office,1,1899 Mission Street,1899 Mission,24708,2295,DROLAPAS FAMILY TRUST,Office,25543,11.79,3,114.09,807.34,1925,,10307.08001,8966.982597,9816.390887,9921.075923,10500.27256,10801.75491,12206.88483,10323.43339,13317.41957,15138.32961,10466.92105,10792.28871,80.594,114.606,66.717,41.42,23.062,16.333,6.022,7.355,15.946,22.595,159.583,188.792
84,SF3703033,3703/033,Office,3,1028 Mission St,1028 Mission Building,32000,2973,LUCKY GROUP INVESTMENTS LLC,Office,33000,10.1,2,136.22,801.09,1907,20070523,21616.02396,19788.72496,21907.48328,21271.13776,21420.01794,21506.21018,22170.1337,21886.26492,20916.9612,20757.44254,11562.21609,1502.957089,36.606,109.207,59,28.29,26.194,21.677,20.528,19.765,20.476,23.536,28.2,29.524
85,SF3785022,3785/022,Office,1,149 Bluxome Street,149 BLUXOME STREET,19298,1793,RAINBEAU BUILDING ASSOCS LL,Office,23456,10.16,2,117.27,786.46,1916,20160426,21209.09459,18050.0507,19746.37617,19215.80006,20229.97298,20210.63028,20761.10593,20026.37641,1935.706038,20452.44333,18586.10725,18918.06901,290.32,293.04,264.24,185.54,118.94,92.66,66.1,5.9,134.01,166.486,254.571,357.072
87,SF3704022,3704/022,Office,3,980-984 Mission Street,982 Mission,39420,3662,982 MISSION STREET LLC  ,Office,38537,18.62,4,130.39,777.7,1924,20080229,40008.73352,37268.78147,38789.99689,38539.74339,39523.34898,37638.75456,40663.10292,39313.24623,39894.31852,41117.45122,36895.05706,36778.18026,1130.741,1019.727,746.859,849.972,772.325,664.675,639.304,649.897,622.828,496.172,815.133,1091.35
88,SF3958001G,3958/001G,Office,1,398 Kansas Street,OPSWAT,12000,1115,SHIRA BENNY INVESTMENTS LLC,Office,12000,9.72,2,111.71,773.21,1912,20150326,27954.12849,26710.89111,29331.41665,29926.7615,31832.45705,32629.31767,34169.55342,33581.94564,33236.61983,35766.23468,29260.99164,26987.93133,270.333,116.375,61.946,18.112,5.254,1.246,2,0.976,3.948,14.659,40.359,188.383
89,SF4083004,4083/004,Office,1,3001 19th Street,John Logvy Company,16868,1567,JOHN B LOGVY MFG CO INC ,Office,16800,8.83,2,131.41,770.77,1905,,6820.85143,6255.985979,6811.678302,6484.053995,6451.083484,6592.783415,7005.339757,6369.756223,6089.902525,6413.570369,6185.385125,6978.259978,559.733,485.625,397.099,275.342,132.998,71.402,35.467,37.43,71.602,99.768,345.829,506.921
90,SF3776151,3776/151,Office,3,434 Brannan,434 Brannan,25000,2323,JDRW PROPERTIES LLC  ,Office,25000,11.75,3,113.16,768.79,1929,20070315,19180.25052,17808.14972,21397.94967,23270.79194,25195.27335,24061.55668,23881.8161,23304.34859,23129.97122,23912.91096,22359.78008,23496.92568,362.538,340.925,291.351,186.786,151.675,68.525,62.531,62.948,53.845,44.651,224.025,378.503
92,SF3788020,3788/020,Office,1,601 Third St.,199052-Third-Brannan,14170,1316,WFC HOLDINGS CORPORATION,Office,14170,11.98,2,120.09,762.6,1920,20010507,5413.787242,4958.794188,5249.784593,4272.831713,5010.785021,5905.033205,6477.371972,7395.71061,6495.747537,6810.711167,6746.733721,7180.186042,539,402,390,262,266,126,68,60,79,54,419,848
95,SF3775102,3775/102,Office,1,35 S. Park,Sherman C. Clay Building LLC,16310,1515,SHERMAN CLAY BUILDING LLC  ,Office,16310,11.03,3,115.56,754.32,1920,20031107,13478.0519,13089.46878,14159.06147,13752.45447,13966.74814,14830.78068,16541.93556,14717.21559,13856.23099,14531.43775,13736.27694,14017.06847,315.007,349.824,288.003,158.266,103.95,57.817,30.209,21.936,29.684,71.353,171.817,276.643
96,SF3987008,3987/008,Office,1,1045 17th Street,1045 17th Street,16162,1501,D R STEPHENS INDUSTRIAL PAR,Office,16162,10.05,2,110,753.13,1900,20131206,9723.487313,9671.789551,10864.99968,10164.70602,10822.12336,11861.26595,12742.88277,12715.8616,12401.68926,12663.75354,6668.190637,4688.992831,78.667,80.5,70.155,17.412,9.996,0.938,0,0,0,0,42.594,147.116
98,SF3728048,3728/048,Office,3,149 9th Street,The Storek Building,34149,3173,KFF RPP STOREK LLC,Office,34149,15.19,4,113.38,746.31,1923,20160427,5305.262973,6273.306488,7052.026001,7526.127298,6226.532323,6479.21832,6484.288452,7092.55775,6223.689532,7490.460532,5731.183363,4522.46977,42.871,55.521,37.899,37.32,31.196,30.738,26.778,32.968,28.654,30.733,28.267,27.25
99,SF0163008A,0163/008A,Office,1,560 Pacific Street,560 Pacific,22000,2044,JAC INVESTMENT PRPTS LLC,Office,22000,10.11,2,118.64,740.04,1910,20131023,15396.34951,13439.3665,14580.6151,14061.46876,15707.82559,16695.24111,17530.08376,14789.98517,16392.73301,16051.68604,14678.9698,14598.96136,129.152,111.431,65.038,14.131,6.612,5.521,5.867,5.238,5.011,5.952,2.975,6.225
102,SF3735008,3735/008,Office,3,282 2nd Street,282 2nd Street,35415,3290,282 SOUTH FINANCIAL LLC ,Office,35415,16.41,4,111.81,721.67,1900,20061106,38229.29305,34618.83158,38939.93212,37672.51637,38626.31662,38092.16503,40825.05407,39117.41605,37719.9646,40332.16691,35252.53946,32797.95085,1225.259,1500.014,1338.262,1318.407,1313.175,999.758,1265.591,1088.73,1162.408,883.763,769.59,453.28
104,SF3504019,3504/019,Office,1,74 Otis Street,"Celerity Consulting Group, Inc.",23500,2183,RACHRIS LLC ,Office,29500,16.98,2,114.58,714.64,1916,20111109,24431.73492,22314.47127,24069.76267,23061.27533,23821.73651,22404.94235,23051.60398,23089.49809,21789.78588,21993.55829,20146.30115,19269.75446,527.516,627.484,558.75,408.614,314.636,164.5,112.259,114.605,121.223,127.789,376.458,598.715
108,SF3788002,3788/002,Office,1,640 Second Street,640 Second Street,24096,2239,640 SECOND STREET VENTURES ,Office,24096,11.78,3,127.68,704.52,1925,20120525,14452.89466,13376.44411,15757.97007,15471.11197,14643.39095,17199.49943,18763.88425,16895.2329,16045.26778,16299.47775,14256.91795,14058.86042,644.133,603.75,498,283.017,179.233,110.104,99.697,25.927,78.618,120.688,390.935,717.451
109,SF3729024,3729/024,Office,1,271-275 Ninth Street,Ninth Street,18050,1677,JOHN T & JOAN C OROURKE LVG,Office,18050,13.34,3,106.82,698.3,1917,,4201.08788,4324.353631,4748.837973,5310.391719,4202.406701,4919.434724,4201.586101,3325.537639,3539.215859,3450.356668,5190.437673,5849.203139,404.959,328.804,308.575,231.362,163.375,107.09,78.168,71.654,77.35,95.362,258.155,436.095
110,SF3758131,3758/131,Office,1,1177 Harrison Street,Getaround Car Rental - 1177 Harrison Street,15800,1468,BRAYER LLC  ,Office,15800,9.83,2,106.84,697.53,1919,,9953.137913,8647.271214,11096.43801,10549.65506,9995.486703,10771.07035,11563.44699,11487.21916,11474.23611,11713.76321,10723.27044,11544.45597,412.528,420.704,308.572,111.496,75.9,58.033,121.984,94.604,70.155,94.224,310.633,559.738
111,SF3780056A,3780/056A,Office,1,360 Langton,360 Langton,21701,2016,MATHEWS LAURANCE O & JEANET,Office,26701,13.63,3,106.66,696.11,1928,20070327,17454.82307,15338.11626,17586.11898,16500.5246,17730.691,18028.94957,19500.54804,18531.00986,17843.08381,18377.26471,16669.77322,17272.56209,662.89,508.154,370.777,142.179,55.075,8.725,3.193,22.177,3.927,31.603,419.633,717.092
112,SF3749001,3749/001,Office,3,501 Folsom St.,501 Folsom Street LLC,30750,2857,501 FOLSOM STREET LLC,Office,30750,18.53,5,104.8,675.23,1916,20070207,21987.16934,19593.07062,18698.55868,16755.37932,13130.87974,11234.6504,11674.40375,11302.29123,17289.97052,19775.36092,20668.72989,21382.35829,337.242,152.25,125.716,103.468,105.567,92.223,33.939,23.453,49.626,38.967,131.85,265.135
113,SF1064060,1064/060,Office,1,3330 Geary Blvd.,3330 Geary Blvd.,19913,1850,FIVE STARS INVESTMENT LLC  ,Office,19913,11.11,3,177.77,670.81,1922,20080729,8701.723845,8104.268875,9236.31504,8135.803337,9506.673231,10474.01338,12102.46356,13376.94233,13472.95246,14421.47743,14020.67324,15805.03731,310.747,379.534,459,387.293,405.407,403.413,448.71,483.177,449.167,469.333,480,692.5
116,SF3722019,3722/019,Office,3,182 2nd Street,182 2nd,25000,2323,SECOND & HOWARD 88 LLC  ,Office,25000,23.01,4,102.77,656.57,1909,20080814,24325.32077,16333.00509,27076.58537,26669.80253,20780.24348,27326.63373,32216.52687,30186.89151,27150.82031,29342.55335,26044.71094,26447.27356,108.242,98.974,120.75,126.2,120.331,102.979,111.093,113.578,117.749,100.288,84.115,64.667
117,SF0141003B,0141/003B,Office,1,100 Broadway,100 Broadway,24000,2230,ONE HUNDRED BROADWAY ASSCS ,Office,24000,10.78,3,114.82,651.84,1927,20030804,14899.94549,13853.0072,16358.1213,16021.99793,15983.48837,16587.44952,17201.4044,16250.76931,15533.12584,15078.86546,13400.03634,14255.95081,104.679,73.544,47.846,22.61,17.388,14.646,16.567,16.788,15.979,19.816,70.142,145.575
118,SF6528037,6528/037,Office,1,2919 Mission Street,Instituto Familiar De La Raza,19540,1815,INSTITUTO FAMILIAR DE LA RA,Office,15431,8.83,2,168.2,642.63,1907,19941031,4628.678776,4113.957809,4500.811807,4125.827193,3818.190344,3430.515747,3580.831971,3738.123289,3453.609758,3852.74344,3837.034823,4176.76297,38.484,20.774,22.742,5.806,3.194,0,2,6.469,14.062,11.469,43.548,77.389
123,SF3708023,3708/023,Office,3,40 Jessie Street,40 Jessie Street,40424,3755,GOLDEN GATE UNIVERSITY OF S,Office,40424,24.51,5,108.35,605.1,1913,20160427,15273.2889,13720.86139,15216.28655,5072.88681,5719.753586,5890.438259,5407.046604,4981.858892,5170.596752,5779.715955,24323.59165,28012.62551,8.69,12.123,12.75,14.024,6.747,6.354,8.209,10.684,12.323,15.097,17.6,2.4
124,SF3777044,3777/044,Office,1,560 Brannan St,560 Brannan,15762,1464,MURPHY TRUST,Office,15762,8.66,2,100.62,602.04,1929,,5029.248507,4619.798719,5335.449307,5249.872514,5197.58861,5379.263453,6041.340625,5315.286008,5163.152743,5692.996184,4705.727198,4655.787863,194.562,203.575,116.356,70.407,26.925,7.208,0.667,0,0,0,61.533,112.241
125,SF3728076,3728/076,Office,3,1263 Mission Street,1263 Mission Street,26419,2454,KFF RPP MISSION LLC  ,Office,26419,13.87,3,123.67,598.09,1924,20150408,26444.92899,28251.03894,26698.99242,22357.93373,22149.99971,22046.60418,20791.46811,21557.7321,21655.09035,23519.93177,24142.12195,29644.56324,42.161,38.954,33.949,44.594,43.471,44.929,55.168,55.387,48.245,52.948,49.652,39.639
126,SF3509015C,3509/015C,Office,3,1375 Mission (1175 Mission Street),1375 Mission,26000,2415,SAMUEL & DAPHNE NOILY 1992 ,Office,26000,10.11,2,103.78,597.21,1929,20110829,19308.20541,17039.04295,19350.34905,17923.56117,19023.19366,19724.30791,20370.26617,19659.42195,19100.44723,19406.50149,16963.63572,17753.19887,463.71,470.034,331.993,178.715,114.422,41.007,30.598,49.386,72.89,78.53,251.925,488.361
128,SF3519005,3519/005,Office,3,360 9th St,360 9th St,22800,2118,CIANFRUA LLC,Office,22800,13.88,4,99.11,578.56,1920,20150211,18965.48793,8105.675617,9415.87977,8788.29708,9987.808238,12537.32262,19454.2721,17980.9152,16737.15029,17676.06253,16111.17949,14369.9262,379.952,506.042,496.648,239.359,106.275,73.658,85.812,126.049,133.606,190.03,437.503,633.95
130,SF3735009,3735/009,Office,1,608 Folsom Street,608 Folsom,12750,1185,608 FOLSOM STREET LLC,Office,12750,11.15,2,105.25,571.45,1922,20120912,9921.193152,8502.025122,9408.259919,8566.999009,10014.94663,11003.71028,10871.18348,10128.07212,9556.172959,9481.879407,8318.240166,9068.678307,330.314,293.242,245.999,115.945,103.15,86.05,13.993,6.358,12.504,25.845,171.633,471.802
132,SF3715001,3715/001,Office,3,100 The Embarcadero,Audiffred Building,31740,2949,SYERS PROPERTIES IV LP  ,Office,31740,15.45,4,110.46,555.8,1889,20131127,73565.53365,7301.488216,75907.20193,74060.64816,75955.82245,73258.80532,78151.04304,76558.31824,76134.62519,75847.4154,70997.37994,72177.16741,3925.626,3437.846,3839.228,3656.182,3692.3,3246.422,3391.164,3472.547,3246.39,3458.595,3563.323,3847.794
133,SF3520027,3520/027,Office,1,355 11th Street,355 11th Street,14000,1301,MATAROZZI/PELSINGER BUILDER,Office,15000,10.71,3,97.56,555.18,1906,,4490.261244,3560.873821,4197.248647,4394.045965,3640.354733,3054.622612,3259.15701,3085.688161,3429.314155,5282.901639,4150.679632,4138.956784,12592.401,11045.124,11296.944,18947.932,10839.374,9912.418,10143.729,9863.752,10106.727,22742.441,12918.448,11435.143
134,SF3721082,3721/082,Office,3,545 Mission St.,Mission & Shaw LLC,29309,2723,MISSION & SHAW LLC,Office,29309,23.4,5,123.06,546.55,1906,20070525,36531.20915,31976.67739,33698.03115,32659.03509,34295.33958,31306.80453,31978.11344,33398.80544,33858.16526,35115.76313,32058.23911,34122.31034,3455.504,2839.69,3239.483,3186.517,3029.75,2742.85,2967.434,2683.34,2728.59,3042.61,3181.624,3350.026
136,SF3775016,3775/016,Office,1,350 Brannan Street,350 Brannan Street,17195,1597,350 BRANNAN CO ,Office,17195,12.23,3,94.01,540.2,1929,,9460.748973,8374.275381,8851.92284,7792.646257,7343.514627,6283.358831,5955.88106,5976.718423,5916.023375,6212.347676,7917.553207,9477.160961,440.228,379.516,382.346,300.91,240.275,141.925,123.338,161.65,179.902,253.685,421.025,497.697
137,SF3722004,3722/004,Office,3,144 Second Street,144 Second Street,24564,2282,144/156 SECOND STREET LP,Office,24564,20.62,5,107.46,534.94,1908,20140523,35341.63311,30355.14369,35791.08712,38557.67934,38397.60385,38555.53993,41228.61313,40269.83066,27713.10673,20693.37718,23757.085,21415.24088,3247.948,484.461,2585.768,2230.821,2234.875,2187.492,2255.685,990.073,2212.275,3245.226,2593.075,1708.929
138,SF3733030,3733/030,Office,3,275 5th St,Renaissance Entrepreneurship Center,18000,1672,RENAISSANCE ENTREPRENEURSHI,Office,28000,18.63,4,92.73,534.51,1965,20100803,11531.53153,10773.44423,11684.13371,11857.69048,12155.39222,11241.47895,11814.02287,11475.17394,11955.42973,11653.50777,12869.63606,13938.14439,403.403,386.678,270.943,103.376,74.525,74.375,75.172,56.676,28.669,7.733,5.083,525.86
139,SF3756032,3756/032,Office,1,325 9th street,325 9th street,16875,1568,AVISO LLC,Office,16875,11.87,3,92.28,531.74,1919,20120330,4930.923116,4922.541279,6464.213074,6404.485162,7164.682575,7516.924862,8129.179928,7992.96043,8448.100019,8570.398635,6508.349599,5576.119385,62.2,30.688,60.002,17.11,10.825,3.975,6.917,3.174,1.209,2.725,67.108,91.267
141,SF3510021,3510/021,Office,1,169 11th Street,169 11th Street,16282,1513,169 11TH STREET II LP,Office,16282,13.83,3,90.93,516.79,1923,,8400.036341,6827.240383,8443.264344,8162.443511,7610.531807,7318.369117,7776.996255,7237.569385,7403.682147,7372.118377,7963.272316,7041.475438,298.3,285.6,228.74,151.56,135.64,80.73,36.94,30.05,29.85,49.56,170.94,280.76
143,SF3756037,3756/037,Office,1,1265 Folsom,1265 Folsom,10150,943,JOHN T & JOAN C OROURKE LVG,Office,10150,9.36,2,92,513.35,1936,,2469.418019,2400.89797,3469.259761,2289.501603,2553.881142,3577.959873,3324.248126,3765.349605,3193.421137,3197.231063,2967.580463,3049.200795,215.262,339.575,273.149,191.814,84.225,29.308,42.17,44.2,54.111,61.586,155.333,102.796
147,SF3736095,3736/095,Office,3,217 Second Street,217 Second Street,22687,2108,217 SECOND STREET LLC,Office,22687,16.91,4,90.42,486.62,1912,20150721,16048.60879,14692.39246,16987.4038,13057.4361,14569.41978,13124.66663,14257.35755,13394.9369,12321.79805,12318.57427,10503.55495,11249.91941,282.866,279.034,251.724,198.776,149,113.833,91.012,90.019,118.326,119.06,205.917,322.85
148,SF3775022,3775/022,Office,1,376 Brannan St,376 Brannan St,15837,1471,PATANE REVOCABLE TRUST  ,Office,15837,11.47,3,88.25,482.81,1908,,5613.046358,4964.538384,5644.111906,5247.527944,5006.271724,4894.318522,4729.641808,3929.264333,3290.163944,4593.334388,4325.555223,5018.023879,76.458,79.484,80.11,58.954,26.573,3.529,0,0.995,0.031,18.181,49.535,296.647
152,SF3521027,3521/027,Office,1,1585 Folsom St,City Lights Showroom,16800,1561,N & B SOMA PROPERTIES LLC  ,Office,16800,9.24,2,86.87,469.33,1926,20120927,13701.87038,12607.36664,14394.51488,13252.88529,12250.75759,12934.93233,14165.27458,13286.23679,13108.13742,13287.35046,11190.74833,11620.59587,215.669,168.087,140.12,95.524,71.325,26.806,9.536,1.412,28.811,56.685,148.025,206.245
153,SF3775101,3775/101,Office,1,334 Brannan Street,"334 Brannan Street,  LP",15000,1394,334 BRANNAN STREET LP,Office,15500,12.48,3,86.42,464.86,1929,,6226.737473,5737.132709,6556.38397,6842.274936,6725.749823,6402.726735,6729.618363,6932.687404,6824.456206,7218.842134,6633.080706,6544.455972,278.723,276.354,218.372,94.532,61.21,34.367,21.823,19.765,39.304,58.435,175.906,264.775
156,SF3754007,3754/007,Office,1,348 6th Street,Astro Studios Inc.,18000,1672,INTERGALACTIC LLC ,Office,18000,13.05,3,98.73,457.15,1924,20080604,10619.75769,9701.594894,11004.06197,10588.83868,10113.85817,10196.62148,10852.45623,10296.03123,10635.90591,11553.39464,10601.49935,10789.73899,2078.934,1895.25,1902.854,1934.363,1634.815,1770.319,1990.71,1966.508,1898.63,2137.52,2026.931,2078.1
159,SF3788015,3788/015,Office,3,679 3rd St,679 3rd St,20878,1940,CHIA DAVID JR  ,Office,20878,21.59,5,83.91,407.74,1906,19970314,26112.11732,20068.16836,26962.93235,21210.50133,24489.61649,28838.88117,32668.73575,37429.38449,35426.56515,37461.47579,36243.67699,36789.55143,505.345,522.375,567.142,567.55,595.277,586.484,643.339,633.958,709.142,613.233,521.562,490.002
161,SF3736096,3736/096,Office,1,215 Second Street,215 Second Street,15500,1440,576 SACRAMENTO ST LLC,Office,15500,14.97,3,83.34,401.61,1906,20070226,11143.27079,7859.788872,8387.404972,8016.611276,6927.500044,6388.747238,6985.352301,7403.740761,7676.883129,7298.498889,6753.943273,7045.373285,91.6,130.8,136.136,135.03,102.186,47.515,30.471,38.771,37.591,42.375,115.725,218.336
162,SF0306007A,0306/007A,Office,3,450 Geary St,450 Geary St,20295,1885,"MOORE INVESTMENT ASSOCS II,",Office,20295,22.66,5,107.95,400.24,1922,,3956.461341,3639.094527,3768.837152,3481.070531,3531.185708,3268.300832,3336.498502,3280.873587,3280.668437,3501.468287,3568.024759,3541.912114,14.746,25.954,55.233,48.281,41.339,18.5,15.775,16.007,18.581,39.275,58.048,64.537
165,SF0306007B,0306/007B,Office,3,466 Geary St,466 Geary St,20295,1885,450-466 GEARY STREET LLC,Office,20295,22.87,5,100.68,350.19,1922,,4348.883692,3921.849631,4446.535019,3882.87116,3849.78342,3874.401402,4204.165128,4166.739934,3936.239427,4243.964198,4178.638626,4415.586699,1267.979,949.921,737.399,466.191,335.244,628.6,385.104,238.8,422.129,397.168,560.6,677.669
166,SF3721050,3721/050,Office,3,143 2nd Street,143 2nd Street,18157,1687,HAMILTON INVESTORS 143 LLC ,Office,18157,21.26,5,76.23,343.84,1907,20150730,23200.83584,19959.90786,23022.82439,19751.24116,19290.12291,19476.0766,21225.36004,20559.15056,20512.99185,20706.33092,19363.97686,20610.87763,858.603,765.334,882.494,860.069,888.375,807.092,922.12,885.596,874.094,886.599,804.858,769.944
171,SF3736098,3736/098,Office,3,589 Howard Street,589 Howard,15600,1449,201 SECOND ST LLC ,Office,15600,21.25,5,68.56,199.93,1907,20070521,2157.179952,3076.456417,3860.27537,3925.483714,3753.069921,3204.08893,3672.856331,3647.915971,3861.740726,3773.321142,3679.802118,3936.092892,139.352,141.98,115.124,35.545,4.55,0.25,0,0,0,7.875,73.626,153.636
172,SF3776011,3776/011,Office,1,414 Brannan Street,414 Brannan Street,13392,1244,ALDO P LERA EXEMPT TRUST,Office,19249,11.08,2,60.34,189.32,1924,,9147.367927,10561.70028,12168.72696,9696.993676,9885.936685,10599.97538,11347.0432,7700.328826,10463.16974,10865.79097,9454.242792,9751.710071,49.179,91.902,73.202,6.517,3.5,0.5,0,17.576,6.907,0.517,0,117.581
179,SF7296005,7296/005,Strip Mall,5,245 Winston Dr,Stonestown Galleria (Building 3),33637,3125,STONESTOWN SHOPPING CENTER ,Retail,33637,13.43,1,300.85,4832.15,1952,20070831,183972.2872,167817.2642,185827.9262,183339.8688,188691.7594,178745.8018,183711.5124,183617.3193,179435.2811,183463.5156,171246.5491,170119.954,2480.08,2203.43,2524.42,1549.77,2065.99,1393.99,1370.08,1648.92,2035.08,1601.44,2538.19,2700.53
195,SF5375059,5375/059,Retail Store,5,701 Bayshore Blvd,701 Bayshore Blvd,30000,2787,701 BAYSHORE LLC  ,Retail,30000,7.51,2,228.73,2471.19,1952,20110812,12918.08074,11090.10767,12082.56402,11364.89124,11784.33476,10891.46401,11045.06263,9600.368097,5231.58487,10744.31295,10308.22299,10882.84771,584.458,386.237,338.671,109.967,18.741,10.759,0.156,0.844,0,0,33.931,520.319
203,SF5596038,5596/038,Retail Store,5,1715-1745 Cortland Ave,1715-1745 Cortland Ave,20400,1895,ERIC & CHRISTINE BUGNA FAMI,Retail,35768,5.52,1,237.24,1910.57,1937,,11530.24202,10681.33195,11922.8109,11177.0326,11525.90456,11443.3464,12901.66875,12546.61298,12153.57518,12538.72936,10964.87835,8609.054728,377.271,182.562,176.774,44.008,44.228,31.138,37.802,76.823,29.073,34,79.854,347.207
210,SF1438038,1438/038,Strip Mall,5,507 Clement Street,507 - 547 Clement St,18838,1750,D BANK NATIONAL TRUST CO. T,Retail,18838,6.51,1,207.9,1613.37,1910,19940913,17014.07328,15225.57691,16588.35804,16181.28213,17830.62829,16325.29732,15833.49452,16578.97976,15604.5766,16126.21405,16348.74302,16403.78179,394.861,360.483,412.5,393.534,397.166,374.445,370.161,358.194,281.533,300.967,372.403,384.597
216,SF5414031,5414/031,Retail Store,5,5300 3rd Street,"5487-SAN FRANCISCO, CA",13100,1217,WALGREEN CO ,Retail,13100,7.11,1,160.28,1347.56,2000,20030314,33373.63062,30251.74817,34847.57366,32173.67986,31589.70617,29220.78227,30508.74231,30731.7402,30220.77054,30964.73181,29874.77067,29899.76965,815,893,1116,863,433,8,5,43,404,465,637,809
220,SF3639004B,3639/004B,Retail Store,5,3050 23rd Street,3050 23rd Street,18375,1707,RIGO INDUSTRIAL PROPERTIES ,Retail,18375,7.62,1,142.14,1249.7,1964,,3435.908257,2837.925759,3066.081697,2971.214546,2953.014824,2901.023991,3482.506579,2923.795624,3087.593123,3023.234686,2997.796104,3414.455444,183.71,112,86.03,14.86,6.93,7.15,8.19,6.68,5.33,7.05,42.47,234.19
223,SF1542042,1542/042,Retail Store,5,3855 Geary Blvd,3855 Geary Blvd,21500,1997,3855 GEARY BLVD LLC  ,Retail,21500,11.28,2,131.02,1080.58,1917,20130625,4457.613111,4114.016424,4592.308639,4364.47508,4425.345971,4206.187319,4332.120019,4369.457291,4115.950694,3868.745128,3949.163868,4669.474289,529.891,500.828,440,163.138,10.862,0,26.839,31.161,13.467,60.533,250.387,494.113
224,SF3636011,3636/011,Retail Store,5,2690 Mission St,"4231-SAN FRANCISCO, CA",22964,2133,2690 MISSION ST LLC LESSOR ,Retail,22964,9.57,2,131.68,1057.62,1953,19990714,32024.68246,28915.81236,31777.68204,31292.7078,32674.65579,33316.62827,34850.56299,33462.63635,32242.66882,33068.63142,30465.74877,30381.75456,168,145,124,31,25,2,1,2,1,6,62,190
228,SF3534057,3534/057,Retail Store,4,1975 Market St,Pet Food Express,10534,979,GIRAUDO TRUST  ,Retail,10534,6.75,1,131.72,1014.44,1922,20080102,17284.69524,16845.8504,17693.85195,17207.44166,20558.27135,21240.36528,22271.94664,20996.29558,19874.8879,20329.70511,17952.54591,17029.51813,2197.724,1388.843,1154.606,764.007,619.2,339.857,206.83,216.188,301.125,568.485,992.688,1366.703
232,SF3777055,3777/055,Retail Store,5,617 Bryant St.,Hundley Hardware,13000,1208,E M HUNDLEY HARDWARE CO ,Retail,13000,6.73,2,123.53,930.28,1986,20010515,4027.765566,3519.111174,4070.319506,3877.976871,3768.778538,3761.42245,3982.661907,3699.525811,3929.322947,3770.742115,3289.372652,3065.466247,293.917,243.202,215.419,147.662,99.95,42.583,15.839,18.403,23.942,22.608,107.742,202.52
235,SF2025003B,2025/003B,Retail Store,5,1750 Noriega St,"3869-SAN FRANCISCO, CA",13862,1288,CONTRA COSTA DEVELOPMENT IN,Retail,13862,9.4,1,115.7,834.87,1946,20070525,19162.22664,17364.29338,19223.21476,18623.23937,18898.22809,18487.25433,19036.20602,18837.21067,18398.24861,18993.21247,17739.27799,17667.27039,6,17,34,23,20,13,8,9,4,6,13,32
240,SF1450019A,1450/019A,Retail Store,4,5420 Geary Blvd,5420 Geary,10250,952,SAMUEL ALTERMAN TESTAMENTAR,Retail,10250,6.43,1,137.26,664.88,1923,,6643.719191,6069.299618,6689.379685,6522.504938,6873.164642,6671.41442,6897.049945,6990.187976,6793.390658,6956.572708,6550.58116,6365.360155,152.739,140.948,153.952,145.548,147.2,137.542,142.613,144.145,134.167,135.833,127.5,131.194
243,SF3636001,3636/001,Retail Store,5,2600 Mission Street,2600 Mission Street,13600,1263,2600 MISSION STREET LLC ,Retail,13600,9.63,2,102.58,482.7,1920,20020506,10487.6998,9539.0576,10770.10322,10405.46402,10748.65041,11109.86067,11750.80741,11602.13239,11269.55518,11547.38668,10048.29814,10669.49187,278.452,192.87,188.642,69.978,31.096,2.175,5.758,31.667,17.168,13.345,48.397,209.224
245,SF3721023,3721/023,Retail Store,5,181 2nd st.,Adolph Gasser Retail store,17500,1626,ADOLPH & MARION V GASSER RE,Retail,17500,10.76,2,86.81,460.92,1911,20060428,6878.176159,6139.607402,6953.70061,6727.449636,6748.37492,6704.883153,8468.820154,9987.134174,10349.72188,11595.56759,11642.83998,12416.6652,647.821,611.004,481.444,251.731,25.825,2.975,19.021,74.319,82.681,110.754,382.092,630.501